grad_norm,loss,loss_q0,loss_q1,loss_q2,loss_q3,param_norm,rot_mse,rot_mse_q0,rot_mse_q1,rot_mse_q2,rot_mse_q3,samples,step,target_loc,target_loc_q0,target_loc_q1,target_loc_q2,target_loc_q3
9.696090478971406,2.0561575889587402,2.710928524241728,1.573207378387451,1.8453685641288757,1.9717799297400884,453.58434556608887,1.482947826385498,2.000132722013137,1.2750559936870227,1.1950219111009077,1.4707361949341637,64,0,0.5732098817825317,0.7107957855743521,0.2981514160267331,0.6503466455773875,0.5010437087288926
2.444796480153122,0.6821404443383211,0.614466614650085,0.6092925393211983,0.6572523672184813,0.8955747733824835,453.84984087451187,0.5951420860588545,0.5284006840773452,0.5281795260757928,0.5725025873295526,0.7978683126219641,64064,1000,0.08699835796467943,0.08606593029389606,0.081113013372497,0.0847497799298933,0.09770646048617793
1.0744709037813598,0.31091501662135157,0.22639237220681155,0.23333746737266062,0.27908412703144914,0.5645785533451055,454.2479433065922,0.29856238007545394,0.21466572964534114,0.22216333445736622,0.267519280704078,0.5489030193529586,128064,2000,0.012352634750772279,0.01172664246819381,0.011174132771974633,0.011564846275066496,0.015675534142362703
1.044961669056288,0.2510122907161721,0.1659837114697361,0.17266296298066913,0.22265091436261247,0.4955357659373035,454.54447087930316,0.24093987870216432,0.15643151041115277,0.16385072782300011,0.2131069942165731,0.48268578028873693,192064,3000,0.010072411961853473,0.009552201043410428,0.00881223527015989,0.009543920191778688,0.012849985457262101
1.0485524648053657,0.25116618457436596,0.1698840585681464,0.1805234117332438,0.2213180578770856,0.48893559174841494,454.95823004483873,0.2371255834698676,0.15646031257543877,0.16645744176771063,0.20816822633303303,0.4726521639496539,256064,4000,0.014040601764339999,0.01342374586947761,0.014065969825596047,0.013149831540121431,0.016283427807207696
0.790541573713483,0.20119346285611356,0.12039622118712237,0.12953455944226513,0.1708436783111177,0.43724862179599583,455.07893180430693,0.1933275827392934,0.1133249599489609,0.12256500080394603,0.163460825631841,0.42659743888597595,320064,5000,0.007865880077937617,0.007071261234396794,0.006969558696931497,0.0073828526811479745,0.010651182827124166
0.7389164689061878,0.18626603720337162,0.10740569271414166,0.11702444969108851,0.1564578957452423,0.4155392528841688,455.20625157382625,0.1790691263526675,0.10094564955273613,0.11057422611237809,0.14977560263364584,0.40575052943800055,384064,6000,0.007196910512866465,0.00646004312409845,0.006450223624768764,0.006682293049697316,0.009788723601331942
0.7381682143754935,0.17607144289463705,0.09814289633269803,0.10624012887384635,0.14603541701942652,0.4062755577001474,455.3661809143639,0.1690248476490379,0.09175451949051978,0.10008747431069993,0.13940565957401735,0.3967435348587111,448064,7000,0.007046595627674842,0.006388376842703906,0.006152654562878786,0.006629757436199126,0.0095320227206342
0.6610120886197698,0.16497190550714713,0.08958565879508452,0.09789994031331833,0.13623021088672005,0.386166066629051,455.5567177187281,0.15883634035289282,0.0842457034017729,0.09251506332333145,0.13038999444237234,0.37766577198883794,512064,8000,0.006135565128410235,0.005339955427743704,0.005384877050168438,0.005840216420491838,0.008500294592334048
0.6913630678889189,0.1552762453556061,0.08332163247587304,0.09477340970729634,0.12933424917111505,0.36243037821785135,455.7520175817776,0.14895457834005346,0.0776056645849557,0.08900181716886371,0.12319447668311775,0.354379760698548,576064,9000,0.006321666806470592,0.00571596793890033,0.005771592555783531,0.006139772507760894,0.008050617389685471
0.6503322604932252,0.15010248183459055,0.07789145819178676,0.0869187449415107,0.12261555786457376,0.3630223524869249,455.96230041189114,0.1442441869229077,0.07261977737847422,0.08163141049411357,0.11677970326121774,0.3556769831042329,640064,10000,0.005858294963138178,0.005271680846512757,0.005287334491699673,0.005835854640903295,0.007345369489994102
0.6233272721214617,0.14388481714576493,0.07368804266614769,0.08345558328791668,0.11759600354641861,0.347625040086609,456.17086093328186,0.13848433441668745,0.06896093813521642,0.07852820712464241,0.11222660573828708,0.3407074079165376,704064,11000,0.0054004823926370555,0.004727104519656687,0.004927376150989066,0.005369397803354723,0.0069176323341988725
0.6253648600009715,0.13888426711410257,0.07141057480864428,0.0775361146244749,0.11216911482838157,0.34253117475928807,456.3908130540505,0.1335722499117258,0.06653545277983884,0.07275674985218979,0.10705878773710584,0.3357208085955381,768064,12000,0.005312016674550246,0.004875122057282748,0.004779364804477635,0.0051103270971468405,0.006810366123786943
0.6150226094130964,0.13534051135927488,0.06892980509688892,0.07650714343667228,0.10751981974375158,0.33474266034858824,456.60098637525346,0.13026055748760682,0.06437739619011618,0.07179233196565617,0.10272283943563666,0.3280899515002485,832064,13000,0.005079953971551735,0.004552408892246894,0.004714811487716436,0.004796980298778767,0.00665270901706825
0.530309382820387,0.13253268582373873,0.06648370391941928,0.07222579657483082,0.10447261740153689,0.3336082700455816,456.8097479129196,0.12788523687422274,0.06222548765759898,0.06817385543260718,0.09996607929951966,0.32757242421565314,896064,14000,0.004647448822390289,0.004258216298040217,0.00405194112752109,0.004506538105063625,0.006035845696185825
0.5785201617530462,0.129470037445426,0.062379813064449514,0.07087510799180827,0.10113249604560083,0.3320744137060423,457.0220063418393,0.12484543612599384,0.058287211324837315,0.06672337071620299,0.0966561235369082,0.3259498655554219,960064,15000,0.004624601312680183,0.004092601742597424,0.0041517372452025535,0.004476372467927766,0.006124548201245969
0.529770476593452,0.1264358559176327,0.06011358870625353,0.06768837209549126,0.10156077606276494,0.32004788511791993,457.21301601244807,0.12186431874334795,0.05600168566017661,0.06366425682977721,0.09716423022465596,0.3139938339747084,1024064,16000,0.004571537286276008,0.00411190305294679,0.004024115288468864,0.004396545856380415,0.006054051036142839
0.5291525327990494,0.1233325379416347,0.05895236381372995,0.06548349901116461,0.09591619337284377,0.3192926063061949,457.40326161539656,0.11897712660580878,0.054897378031366136,0.061603154130924376,0.0917612983554966,0.31370832343893945,1088064,17000,0.004355411371798271,0.004054985757538797,0.003880344888041617,0.004154895009927542,0.005584282934581966
0.5309267262971382,0.1194299026876689,0.05604454997321654,0.06557129693060518,0.0948607146955863,0.3058440419716145,457.5962122529371,0.11539811461418875,0.05241459125462589,0.06194723961390681,0.09094582229142224,0.30062123716258765,1152064,18000,0.004031787948217246,0.0036299587169313246,0.0036240573072656873,0.003914892368913922,0.005222804661186446
0.5234171527695651,0.11876000119745739,0.05626716120493654,0.06329929708696973,0.09429676989115846,0.3046817506063161,457.7858672322922,0.1142852944880724,0.05213478251822532,0.059212545154232105,0.08989108448464798,0.2992012370872096,1216064,19000,0.0044747065461706375,0.0041323786992352824,0.004086751904914168,0.004405685419687608,0.0054805134220852975
0.5112890991761545,0.11692933182418333,0.054950038010450133,0.061241011768325075,0.0926312846731414,0.3018026079711202,457.98298150447823,0.11271940696984538,0.051226373113780414,0.05744419580490766,0.0884326155645673,0.2964354707132131,1280064,20000,0.004209925097296945,0.0037236649222127495,0.0037968159355542697,0.004198669134694708,0.00536713727997536
0.49978186677000347,0.11559871664643291,0.05252443681061276,0.06225166838593171,0.08935098282072113,0.30035384106310586,458.16560368719894,0.11168701910600057,0.04892586549716025,0.05873681744299138,0.08556211399586136,0.2954061060680801,1344064,21000,0.0039116973859490796,0.003598571349546147,0.003514850918755489,0.003788868794426577,0.004947734961801467
0.4876418965545462,0.11325454823300242,0.05108912994204738,0.058364306882942724,0.08998698362133631,0.29782227141032147,458.34435995954874,0.10944030994176857,0.04773654449400576,0.054978381538209546,0.08618561097012553,0.2928555501025168,1408064,22000,0.0038142383851809463,0.0033525854689087295,0.003385925365177572,0.0038013726476327442,0.004966721427771078
0.489496871214934,0.11100164354220046,0.05073067337231664,0.0596150673042611,0.08626021262394869,0.29025760869295214,458.5214288432124,0.10715474692359545,0.047313333608085414,0.05607171166243289,0.0825316922104883,0.28528391989820545,1472064,23000,0.0038468970397952987,0.0034173397562067497,0.0035433556106933017,0.003728520431108616,0.0049736886514796085
0.4932401291471661,0.11234224900230783,0.05057170421160866,0.05885150436655071,0.08634408355365528,0.2933409389731544,458.7080504501564,0.10848205238580702,0.0470549849659333,0.0554344200905585,0.08257314441445428,0.2884128493171499,1536064,24000,0.003860196720459498,0.0035167192808954343,0.0034170842607841026,0.0037709391551360365,0.004928089720471165
0.5316363762764006,0.10977664307132366,0.04963316654917207,0.05766844613247323,0.08507923464406217,0.2863409181034136,458.88937553179244,0.10579750509560112,0.04597497929563737,0.054149774645589524,0.08120324143936435,0.2812821302592569,1600064,25000,0.003979138028109461,0.0036581872289939503,0.003518671473843763,0.00387599319504798,0.005058787854244042
0.5045061123753277,0.10992536088824269,0.048925790498939775,0.05567562768501157,0.0847295842750228,0.29011612145849147,459.0668477519849,0.10612654479220501,0.04552629850025275,0.052315571652911334,0.08102532383764832,0.28516068534636385,1664064,26000,0.0037988159706583285,0.0033994919789452054,0.003360056027445518,0.003704260494284983,0.00495543615845893
0.48462223054801234,0.10616308285668508,0.047912701601320426,0.05477374463258134,0.08340715445301228,0.2801103282506162,459.23376531521603,0.1025469022318719,0.04471088687824516,0.05139319626430482,0.07984105080483486,0.27555392980733606,1728064,27000,0.0036161804158473445,0.0032018147436307506,0.003380548369603589,0.0035661036181429784,0.00455639837511098
0.49390209858108525,0.10641768588125708,0.04754874348926218,0.05455011650814428,0.08190226063182406,0.28316881802202143,459.39897763260274,0.10280719983950251,0.044303332284484825,0.05128770979867748,0.078392247864345,0.2785118864481135,1792064,28000,0.0036104863589862314,0.003245411188617297,0.0032624067479563633,0.0035100127707876636,0.004656931363700775
0.4666774027674278,0.10408634791895742,0.04625025874008337,0.053171724554550014,0.08102795314101094,0.2767775370878096,459.55728237773,0.10061877296864981,0.043239150666397747,0.04998643765768512,0.07756545874303572,0.2723309273972939,1856064,29000,0.003467574742506255,0.0030111081012240766,0.0031852869115340443,0.0034624943911662483,0.004446609722189673
0.46930989581747606,0.10415127019956698,0.04454699944213373,0.05296678972168176,0.0796042702709716,0.27979771618269467,459.7123440568707,0.1007971178255975,0.04161324920484598,0.04991588700927362,0.07630802736678631,0.27543162365178026,1920064,30000,0.0033541523361345768,0.00293375022651561,0.0030509027011979663,0.0032962428859955313,0.004366092615111108
0.45869367161059205,0.10254625923559078,0.04391880684163767,0.05176405889322741,0.08092672908372191,0.27506780215007415,459.8809157850227,0.0992014972120525,0.04096027363749895,0.048758109172856196,0.0776192093901649,0.2707429985442194,1984064,31000,0.003344762241584245,0.002958533192421065,0.0030059496982660326,0.0033075196861149857,0.004324803655186542
0.47186211454844396,0.10102283146232358,0.04387181302528527,0.05144119864612875,0.08065046451820934,0.2673777051035699,460.03977537288495,0.09741869048029185,0.040612199046438986,0.04825955768577343,0.0771143273627421,0.26273012939225215,2048064,32000,0.0036041410426842033,0.0032596139623508975,0.0031816409490552644,0.003536137160010401,0.0046475756684355805
0.4399527373421655,0.10146793216466923,0.04274110671835772,0.05092694841495966,0.07713922627401795,0.2746502179087696,460.1922610415295,0.09818392834439896,0.03988655497958896,0.048058898879474114,0.07393190071711256,0.2702033211877871,2112064,33000,0.0032840035364497472,0.002854551740592849,0.0028680494942486113,0.0032073255390136376,0.004446896615233808
0.4574812499139819,0.1007638348415495,0.04232134300848427,0.051076502144212624,0.07817799808469714,0.2702767761767038,460.34007031621593,0.09719357241690159,0.039167647703146576,0.048011263513194936,0.07459556631560185,0.26560489816536703,2176064,34000,0.003570262479828671,0.003153695330023788,0.003065238601434213,0.003582431746168092,0.004671877980257186
0.46553006139318487,0.0992348928228023,0.042769311181173185,0.05018204891378785,0.07727744063448365,0.2658586435675863,460.49375230842173,0.09597329190000897,0.03988854322389273,0.04729284977250616,0.07403837540190583,0.2616198835278016,2240064,35000,0.003261601128848267,0.0028807679625667444,0.002889199132150833,0.003239065263347545,0.004238759965511774
0.48696806867197845,0.098967560265213,0.042064681816894996,0.04968688771702064,0.07697371275326644,0.26686837475258257,460.64747337899047,0.09548662567511187,0.038982255408660856,0.04651313868455774,0.07351752912398442,0.2624444752713965,2304064,36000,0.0034809344609966464,0.0030824264175729685,0.0031737490297913617,0.003456183632084916,0.004423899535466415
0.43368670821852917,0.09800444920361061,0.04185108596393027,0.04836390293825375,0.07621552074459018,0.2652323594675311,460.78777214005527,0.094777119934559,0.03904238858966601,0.045519722030567464,0.07292844189680181,0.2610827422391392,2368064,37000,0.0032273296440253007,0.002808697387020457,0.0028441809158083063,0.003287078848926115,0.004149617227315283
0.43350391775185365,0.0977106333225966,0.04119450020084475,0.048480649668911094,0.07555728549468747,0.26600232137509544,460.94566196870164,0.09454370191693315,0.038377117241993185,0.04559557200328503,0.07245078762037267,0.26193215324550395,2432064,38000,0.0031669317549094544,0.0028173829421801423,0.002885077665289917,0.0031064978445427714,0.00407016834074533
0.45709568149592594,0.09800612526014447,0.04122551859737279,0.048674367409163775,0.07455514959635542,0.2654181526789041,461.09014169682865,0.0946891520433125,0.03836532878317439,0.04568014590731797,0.07125937381238588,0.2610727177679143,2496064,39000,0.0033169731746893376,0.00286018981751943,0.002994221534605545,0.003295775766349853,0.004345434710094308
0.46614788901339443,0.09725037205219264,0.040876158183426346,0.04848109938272674,0.07466163404155564,0.26252771762926386,461.24150818187877,0.0938264029845595,0.0379026468613733,0.04536624726715326,0.07113699987344559,0.2582791684343826,2560064,40000,0.0034239689134992622,0.002973511345945144,0.003114852087705793,0.003524634171596609,0.0042485494608205535
0.42298287593533646,0.09581775758415446,0.039930700301680826,0.04818564424724562,0.07387248675475926,0.2601096237528042,461.37569312580825,0.09282922901585701,0.03732685324084139,0.04545045731662399,0.07088554809312979,0.2562886137474638,2624064,41000,0.002988528745248913,0.0026038470282597473,0.0027351869301047186,0.0029869386486253624,0.003821009898546701
0.431810751098701,0.09436733448132857,0.03925614370069738,0.047215910304732385,0.07254942377482933,0.2562098354431219,461.51352448279863,0.09126121506467466,0.036573651839965464,0.04440363366756416,0.06948516629053197,0.2521171908836887,2688064,42000,0.00310611933295149,0.0026824918678704807,0.002812276604677249,0.003064257458930017,0.004092644683331771
0.46683696335224184,0.09436078963428737,0.04019948734763491,0.04736629582449204,0.07291063998156401,0.25390035144312983,461.6643802434005,0.0909808574430645,0.037207292089081474,0.04426837973406655,0.06957469910849345,0.24959585193150396,2752064,43000,0.0033799324672436344,0.0029921952790236375,0.0030979161019036834,0.0033359408292223036,0.004304499510095518
0.4201148292585015,0.09419535131379982,0.03951073158990372,0.04678707146185271,0.07236582466286573,0.2568773517656022,461.80267780254036,0.0911386686898768,0.03680025501688568,0.04396505339156466,0.06933625287229668,0.2530233506977824,2816064,44000,0.003056682612979784,0.0027104765757123782,0.0028220180603100017,0.0030295718237514676,0.0038540009807953796
0.4388430592304785,0.0941482221409677,0.03837975564519033,0.04659025488761888,0.07144331523889932,0.2577664139332647,461.9364633791382,0.0911739683970809,0.03584271925655854,0.04394774418006253,0.06846675636569055,0.253818767205362,2880064,45000,0.002974253755179228,0.0025370364013905656,0.0026425106914357006,0.002976558857880644,0.003947646634233199
0.4282538837092675,0.09221680071949957,0.037854072084585674,0.044809252418669544,0.07263388711415386,0.2512021114713549,462.0689038096015,0.0890898260809482,0.03513608984889113,0.042029435460630045,0.06948106074105645,0.24715021468652335,2944064,46000,0.003126974533777682,0.0027179822455742292,0.0027798169683760816,0.003152826359096201,0.004051896698047914
0.42301071807742263,0.09317896414175635,0.03857899211594401,0.04569996983761766,0.07107131597801315,0.2563974164125144,462.2117508470163,0.09013058717548846,0.03594729703445791,0.042959253221305345,0.06804133310991482,0.2523816542239352,3008064,47000,0.0030483769794227467,0.00263169508881548,0.00274071660056521,0.0030299828576278586,0.004015762083455881
0.41664178145843916,0.09197124377265571,0.03757332680504954,0.044187193547296104,0.07121362950905302,0.2528630570311582,462.3474409947301,0.08913798568025237,0.03507404596421383,0.04167953250448349,0.06841581109001597,0.24914766712084482,3072064,48000,0.0028332581142894893,0.002499280836949872,0.0025076610875555422,0.002797818453280011,0.003715389987858201
0.436151170618064,0.09179960590600968,0.03840515059642742,0.045376651394776944,0.06968927347227553,0.25161715515111976,462.48435923559873,0.08870876362919836,0.03558566189281426,0.042601690041633195,0.06668584310855265,0.24767275216049814,3136064,49000,0.003090842332458125,0.0028194887087656163,0.00277496134215384,0.003003430339471143,0.003944403017073326
0.43967465642355125,0.09233385572955007,0.03781504815070653,0.046459062116626884,0.07149811780951948,0.2527840379052243,462.65120626943485,0.08901875826343893,0.03498394130267183,0.0434567178396172,0.06817655700752558,0.24842816395547707,3200064,50000,0.003315097209764636,0.002831106842214621,0.003002344270862489,0.0033215607919254674,0.004355873876273143
0.417799685437264,0.0901193813867866,0.0371257840129842,0.043630157033320606,0.06952890850848607,0.24781523902817143,462.76963613327155,0.08718926745653141,0.03454559917497608,0.04101634051127666,0.06662944175036031,0.24399166061098895,3264064,51000,0.0029301139520248355,0.002580184841734646,0.0026138164975213016,0.0028994667780454387,0.003823578529267185
0.48277616440314697,0.09010348295792915,0.03876300474636311,0.046159613362091366,0.07022660715632949,0.24239763163713987,462.88955892064797,0.08694254849851135,0.03607919111017116,0.04324125372719731,0.06686487145641344,0.2385601850320903,3328064,52000,0.003160934574785648,0.0026838136318091507,0.0029183596109202516,0.0033617357101624694,0.0038374466947208763
0.42891374710696056,0.09142141426354669,0.038874960749954585,0.045930988023811375,0.07170207561135503,0.24425445005349253,463.05472269018395,0.08829527440667156,0.03595843916781771,0.043098506203163606,0.06861753135647919,0.24046288802816757,3392064,53000,0.003126140093198047,0.0029165215938948283,0.002832481839643301,0.0030845442290682915,0.0037915620715095787
0.41744053045040375,0.08913159243017436,0.0366625165414746,0.04349713519091801,0.06930848125252809,0.24427671805521212,463.15751698362067,0.0861245728842913,0.034025980081399926,0.04060335031714865,0.06631371740012404,0.24057552104686397,3456064,54000,0.0030070195299340434,0.002636536465967205,0.0028937848835106153,0.002994763843818033,0.003701197080387457
0.40140080291141306,0.08940463092178094,0.03678767082373455,0.04262510023262104,0.06958343178900588,0.24412523289495064,463.26557517586235,0.08662907658517359,0.03422082915108285,0.04029359664458403,0.06683592216428447,0.24055618230528267,3520064,55000,0.002775554458610716,0.002566841655425478,0.0023315035834742676,0.0027475095946694716,0.0035690506473801497
0.413927789683125,0.09006247307360164,0.03696077136818548,0.043606180753077144,0.06917491634728759,0.2470666753702933,463.39314838591673,0.08699610990285878,0.03415326695595648,0.04100599323709417,0.06606628730222204,0.24321126317783515,3584064,56000,0.003066363309044387,0.002807504416499636,0.002600187524555235,0.0031086290253596613,0.0038554121472671116
0.4041358576895905,0.08807055504992585,0.03495986301386536,0.04257167483122992,0.06936194475709018,0.24000198550071114,463.5038748331955,0.08528205158188928,0.032600919696856315,0.0400150436106194,0.06654564907133034,0.2363871258067986,3648064,57000,0.00278850346314721,0.002358943312728038,0.002556631216452386,0.002816295679869002,0.0036148595731026593
0.42004390883717235,0.08928507410362377,0.03596177623184097,0.042874749885012324,0.0688241675954997,0.244772841221427,463.6244200187691,0.08629708142206073,0.03329998010278789,0.04025366684817076,0.06580908843797527,0.24097928429149784,3712064,58000,0.0029879925025161408,0.0026617961440149208,0.002621083044602273,0.0030150791696841807,0.0037935569081587604
0.4036538259825845,0.08830474827811104,0.03518645823578878,0.043467750319391506,0.06742843519199941,0.24407423973869996,463.75505490389276,0.08552512946724887,0.0327266316455325,0.041004099416030775,0.06469245257562911,0.24043382514822884,3776064,59000,0.002779618887114333,0.0024598265938717344,0.0024636508883260876,0.002735982612167276,0.003640414662256552
0.40803591781627757,0.08821181821078056,0.03535232819610398,0.04245960558419312,0.06763059686307452,0.24369028856793873,463.87429048054867,0.08542298395931736,0.032845307972985543,0.03996838696250253,0.06485368105466166,0.24016406701604404,3840064,60000,0.002788834219216377,0.0025070202167739005,0.0024912186440536797,0.0027769157792759415,0.003526221546824994
0.4007739524872689,0.08845779014006264,0.03592122221181465,0.04193226900617652,0.06782446955995944,0.24415604810741082,464.00561929243327,0.08560027228668358,0.03341829416273561,0.03944825851363567,0.06500221200971938,0.2403443065751081,3904064,61000,0.002857518055010588,0.002502928055680761,0.0024840105428372925,0.0028222575719164815,0.0038117416185370597
0.39231470626623716,0.08784616081789151,0.0356067473607248,0.042389266230700356,0.06673650810509521,0.2440259368351629,464.12127277553793,0.08515347340703004,0.033202389308209984,0.039996476354873266,0.06413367750173736,0.24046247068058593,3968064,62000,0.0026926876001525666,0.0024043580444636386,0.0023927898591947785,0.0026028305767665278,0.003563466202852404
0.39297825741316667,0.08660896305739871,0.0348942268393737,0.043793938268000654,0.06605637164854472,0.23796265321272111,464.2409888991583,0.08393888574093589,0.03259796273008766,0.04131676788793067,0.06337044985739218,0.2345614058870632,4032064,63000,0.002670077532296998,0.002296264147157102,0.0024771703665726168,0.002685921762856976,0.0034012476370073167
0.3909459736301478,0.0860633519180119,0.035688445452978015,0.043082882498933696,0.06703661765943064,0.23469754281983682,464.3665903093435,0.08325126867741355,0.0331899089334899,0.04055727833982928,0.06424987534772345,0.2310825070386983,4096064,64000,0.0028120835142908607,0.00249853653366484,0.002525604220878278,0.00278674231448409,0.0036150357840158886
0.4019830060739525,0.08591509612277176,0.03467676348175827,0.042522724571487445,0.0664888900108188,0.23614519304631126,464.4847919113664,0.08307235026732081,0.032051485741346156,0.03996755374606464,0.0637342940778918,0.23255126618270178,4160064,65000,0.00284274559048936,0.0026252777502213344,0.0025551708295671635,0.002754595935415951,0.003593926853642272
0.3991180175051977,0.08732863651961081,0.03428925283910301,0.04232572743091021,0.06639897284813656,0.2429891519790991,464.600035334947,0.08464989877119664,0.03198727718590575,0.03995509718316004,0.06369488448252252,0.23947725136462594,4224064,66000,0.002678737726993855,0.0023019756472299102,0.002370630238721271,0.0027040883639264154,0.0035119006132034655
0.37256498908088465,0.08632647838070993,0.034795450256749114,0.04130506535540929,0.0667262906440108,0.23785139811423042,464.7109959996329,0.08361139365285639,0.03239579416949637,0.038880109322595766,0.06398582201547058,0.23441252676394855,4288064,67000,0.0027150849638273955,0.0023996560691806924,0.002424956024535045,0.0027404686292781407,0.0034388714216213308
0.4028311802039153,0.08684795491769895,0.03433463718523176,0.04159332198279449,0.06580895030880697,0.23967173248579973,464.8363884607801,0.08395428644493237,0.03179424583421697,0.03908280483795764,0.06291357228055969,0.23588311036342544,4352064,68000,0.002893668584409165,0.002540391368019816,0.002510517149829046,0.0028953779990931274,0.003788622211854724
0.39194096019337865,0.08494373300671587,0.0333808719868644,0.04161280870654141,0.06632496154950192,0.23321465432653407,464.95047718406425,0.0822774733640254,0.031059670611272572,0.039254912984365835,0.06361627794318896,0.22978943921452985,4416064,69000,0.0026662595168454534,0.0023212013704471506,0.002357895751472066,0.0027086836111597785,0.003425215111949709
0.3931960427926169,0.08496497847512366,0.03391331975562689,0.04074951284147715,0.06610455896879644,0.23262444182989847,465.0590356111186,0.08226513173058637,0.031480304145496615,0.03841833011633091,0.0634042314092568,0.2291615367366284,4480064,70000,0.002699846622650518,0.0024330156053617422,0.0023311827328638787,0.002700327554127608,0.0034629051462731187
0.3910143215191007,0.08424474254623034,0.03349176534127723,0.0409514649912198,0.06514391615983742,0.23660496807107834,465.17449300172626,0.08161740896850815,0.0312686917241573,0.03866347245693733,0.06238985529007695,0.2332020776122299,4544064,71000,0.0026273334126453874,0.0022230736194203396,0.002287992516179249,0.0027540608525155334,0.0034028904516636605
0.3907751562624634,0.0855721239373089,0.03373148061799287,0.04206491329731218,0.06509946512466856,0.23426653425699762,465.2989514677968,0.08286675736308106,0.03140983613270633,0.03947067984947891,0.06243824604418449,0.2308249016476495,4608064,72000,0.002705366768641398,0.002321644486991934,0.0025942334334345236,0.002661219081394706,0.0034416325791170664
0.3751988100230232,0.0834575823843479,0.033459272448631935,0.04159304144784535,0.06551444453404599,0.2268605281301137,465.4119761098328,0.08081557811796666,0.03115942846264241,0.039098724507421946,0.06282177618723964,0.22363585486003743,4672064,73000,0.0026420043597463485,0.002299843978050381,0.0024943169346890158,0.0026926683332837626,0.0032246733392875333
0.3757147488408647,0.08457464505359533,0.03299221530829666,0.04186839570089688,0.06394968301985937,0.23605069591690658,465.5186036529806,0.08200706960633404,0.030767510650918026,0.03947531185132825,0.0614484752894409,0.23269286859923174,4736064,74000,0.002567574995220634,0.0022247046474754284,0.0023930838419443184,0.002501207742933469,0.0033578272004152593
0.3844609087424961,0.08371361306682223,0.03346051475872705,0.040587924722131095,0.06454704813044197,0.2307049202381397,465.6322473808503,0.08105724923685191,0.031040783412783837,0.03823615670997393,0.06193938658975612,0.22731787659655114,4800064,75000,0.002656363959074952,0.0024197313528049706,0.0023517680134466095,0.0026076615556896742,0.003387043840719888
0.3812765327467849,0.08380405386537315,0.032942101454874084,0.04027994679380501,0.06361404502643894,0.23238209951950958,465.7454431501335,0.08118811196461308,0.030589906331788107,0.03789351352073192,0.06101208250471734,0.2291263113666354,4864064,76000,0.0026159419670002525,0.002352195123369972,0.002386433255456551,0.002601962546583595,0.0032557880374188743
0.3822539077772207,0.08369725609198217,0.032612194344678734,0.04094980086648322,0.06464817554297854,0.23350373851685052,465.8593244483914,0.08107031852751964,0.03028263603273637,0.03843405247761237,0.0620469429787762,0.2302742916262363,4928064,77000,0.0026269374926341724,0.0023295582980091805,0.0025157483856357173,0.0026012325646782982,0.0032294468472310223
0.37672431790457506,0.0834848926998676,0.032808660637230584,0.04026608442687304,0.06435274555357952,0.23249825808501412,465.9867089392806,0.08073959796875725,0.03041526009513991,0.03786007211998565,0.06165509274824654,0.22880694734114695,4992064,78000,0.0027452947627753074,0.0023934005399314905,0.0024060123238579586,0.0026976527712599587,0.0036913107406919277
0.37365891272348284,0.08292110029608024,0.03296129641875493,0.039389828252247176,0.06422106772554412,0.22903541881045728,466.0847824430058,0.08031763331964598,0.030608217624753957,0.03713315101051577,0.06156908598323011,0.22578842457507137,5056064,79000,0.002603467051754702,0.0023530788038657927,0.0022566772399168094,0.002651981741727139,0.003246994286733799
0.3758229430124984,0.08266838005185141,0.03246851247551393,0.04018305778600892,0.06295303016332601,0.23037185289692189,466.1871481952352,0.08013690323755132,0.03026233720167203,0.0379050360856035,0.06038841813333393,0.2271488561376528,5120064,80000,0.0025314773201243965,0.002206175268976047,0.0022780216823819143,0.002564612040128126,0.003222996858800772
0.3878182532128157,0.08241082101687787,0.033034120992833614,0.03939627270708456,0.06380803097392752,0.22852904888461614,466.29870658354764,0.07992788532376305,0.030824831504658992,0.03719350052394342,0.06132882348387239,0.2253421782808452,5184064,81000,0.0024829357034759684,0.002209289491280097,0.0022027721854999747,0.0024792074963634076,0.0031868705685754485
0.3813995227188395,0.08304349374771106,0.033185815887130196,0.039105677657526844,0.06355397344044306,0.23106019671828323,466.41468364847987,0.08037312646582737,0.03085590562031066,0.036670699125769854,0.06097194753886877,0.22751126866299526,5248064,82000,0.0026703673636075055,0.002329910279034521,0.002434978526222882,0.002582025889371393,0.0035489281857886724
0.4043771597091029,0.08409551136568194,0.03234195711342451,0.04010584805434664,0.06403565895341286,0.23414040889514662,466.52843863006774,0.08148503899574303,0.030114341707962268,0.03771525699935337,0.061425267151122544,0.23074383687421318,5312064,83000,0.002610472153406588,0.0022276154043118384,0.0023905910410624686,0.002610391783324425,0.003396571913729053
0.39581523903996735,0.08290747633948957,0.03267632380572467,0.04072531285597034,0.0633864291208381,0.22988623644365663,466.6486754836995,0.08031318997591742,0.030370507118133105,0.03845555002211996,0.06072979707532325,0.22662286995670386,5376064,84000,0.002594286235864277,0.002305816689182497,0.0022697628471798357,0.002656632030608083,0.0032633664282230987
0.3695436544034373,0.08199079620838165,0.03230202663020457,0.0398722046674997,0.06307519042047069,0.22698706508862446,466.75584929731576,0.0794296038150787,0.030091915582846993,0.037524460991192596,0.060460760056083813,0.22376622035402866,5440064,85000,0.0025611921106465188,0.0022101110226958546,0.00234774365833877,0.002614430349076649,0.003220844585077733
0.3661424175311922,0.08232424511387933,0.03207549962883786,0.039191069578511185,0.06282801787519286,0.22982487324881046,466.8649537455764,0.0797431859634816,0.02983472197895605,0.03692829961039016,0.060249016300202955,0.22641244909964825,5504064,86000,0.00258105931908358,0.002240777652678058,0.002262769970900279,0.002579001604958773,0.003412424301250749
0.36712963706480095,0.08206887058541187,0.03227992941659295,0.03938696209725382,0.06241093250992232,0.22758497984566342,466.9735358443327,0.07964565636217603,0.030144651395108385,0.03728016484608905,0.05994333942289397,0.22448608757174676,5568064,87000,0.002423214049427773,0.0021352780197993787,0.002106797263813155,0.0024675930904578484,0.003098892319796688
0.3722804198172203,0.08170429937914,0.03191671063873309,0.03943373843305761,0.062243657108964914,0.22890151755371488,467.08438366530595,0.07914211946353304,0.029686975082764154,0.037114044929535045,0.05967785019142368,0.22559864202100674,5632064,88000,0.0025621797440107986,0.0022297355492636203,0.002319693518016423,0.002565806903211411,0.003302875597655929
0.35569862335134,0.08226114935055376,0.03168323679596208,0.038756332701532295,0.0630965493579756,0.23079557037663523,467.19147045152533,0.07980905933678126,0.029546624921422324,0.03665395191514562,0.06066411491931191,0.22748685777250793,5696064,89000,0.0024520901221549178,0.002136611903215765,0.0021023808039227782,0.0024324344552683827,0.003308712703699413
0.39690971201311837,0.08128447975218304,0.031065159535062524,0.038437443599570575,0.06343198378048526,0.22619528628366173,467.2972688436738,0.078733261372894,0.028924697332455198,0.03611682358718861,0.0608239800687583,0.22288020642342818,5760064,90000,0.002551218455424532,0.0021404621996966348,0.0023206200104249628,0.0026080036761155553,0.0033150799030542783
0.38729314495439593,0.08122266342863452,0.03316057978208145,0.039168505118862766,0.06261998611500122,0.22179421102630048,467.40693841703927,0.07865278525277956,0.030829304942048545,0.036757831861570035,0.060092005369852576,0.2186506609593282,5824064,91000,0.002569878336857073,0.002331274838577855,0.0024106732786766867,0.002527980744485829,0.0031435501940337575
0.3565742735950235,0.08135007319599387,0.03109879819030405,0.03809270122292235,0.06265650925543775,0.22763766699968366,467.5119453586911,0.07888497120887038,0.02893492968896589,0.03595035100156205,0.060180530295626,0.2244146809814087,5888064,92000,0.0024651019668672333,0.0021638685171490066,0.0021423502023323227,0.0024759789939655043,0.0032229859408278087
0.36615276877117525,0.08029968876391647,0.031237180395947268,0.038673878006791756,0.06259683642058833,0.22318090559679543,467.61371278735004,0.07788547842204561,0.029115606984947515,0.036512742567622734,0.06021646054460668,0.2200187116229912,5952064,93000,0.0024142102996120257,0.0021215734034277117,0.0021611354585043306,0.0023803758759225768,0.0031621939728591324
0.35984353870169855,0.08058293858915552,0.030586183876213854,0.03871327831890724,0.06221186894735963,0.2240840870474956,467.71642062928385,0.07812615927308808,0.02857449564573975,0.036434247089796874,0.05967126697101402,0.2209120092352704,6016064,94000,0.0024567790768342044,0.0020116882246303926,0.002279031193906197,0.002540601973608736,0.0031720777728600578
0.3810265466480694,0.08182323583588004,0.031712789538191614,0.039293526785761305,0.06305001363909592,0.22477204053820773,467.8201612232737,0.07926961601153014,0.02945908508441445,0.037141585930943265,0.060373713043452355,0.22156881289609603,6080064,95000,0.0025536197475157694,0.0022537044703771175,0.002151940874041583,0.0026763005825427163,0.0032032275630177556
0.3649631188775716,0.0805480059050024,0.0317277780028849,0.03903546364595081,0.062450582821149965,0.22316492238234514,467.9454646583713,0.07796206361055394,0.02939181577016447,0.03673343997357504,0.059861597161224044,0.21992262314445635,6144064,96000,0.0025859423938672955,0.0023359622523066205,0.0023020236823462553,0.002588985670010074,0.003242299388065078
0.3405643749690672,0.07936574647203082,0.03129149527489568,0.03839130980206651,0.06078295283911444,0.21940799586351134,468.0339601128373,0.07701963110640656,0.029192592361832203,0.03629368023989143,0.05851318692766051,0.21633227598643784,6208064,97000,0.0023461153258103854,0.002098902929938092,0.0020976295423810014,0.0022697658844984168,0.003075719877182373
0.35536829091788485,0.08015406733751305,0.03156363325393243,0.038444398086471536,0.06103536586451403,0.2250831848157986,468.1404076383164,0.07777097591012734,0.029405549363369168,0.0362886743508147,0.058724255604615326,0.2220193569856415,6272064,98000,0.0023830914288992043,0.002158083898001872,0.002155723744288862,0.0023111102731577927,0.003063827737687583
0.36706702718842893,0.08025071896985171,0.031059325284926116,0.03848924303855383,0.06146624745330137,0.22432771021156778,468.2443073165831,0.0777371363937856,0.028896440589340985,0.03624127534739286,0.05899495450800565,0.22095737865864118,6336064,99000,0.0025135826958576236,0.0021628847266484874,0.0022479677137949416,0.002471292961256063,0.0033703315750857987
0.3636561334724249,0.07910585252568118,0.031067513514211543,0.038379570963025564,0.06207441319310046,0.21709958411338123,468.3417523592263,0.07654229315370321,0.0288609850696448,0.035947298084714675,0.0594376449991183,0.21398228546595352,6400064,100000,0.0025635593140614166,0.002206528446244673,0.002432272893426384,0.002636768196660597,0.0031172986893443426
0.3442403311737039,0.07911129485443227,0.03151266184117704,0.038962388868994544,0.06068699333253693,0.21813742277968365,468.44759633355795,0.07673673092201365,0.02941572018522031,0.03678959703254062,0.0583223478191614,0.2151294213399569,6464064,101000,0.0023745638586115114,0.002096941674893751,0.002172791827460215,0.0023646454907202312,0.0030080014198876222
0.34557056856481744,0.08000128760933868,0.03162069193483142,0.03765141729335273,0.061233725802727734,0.22198494281431821,468.5444117219392,0.07763004971295576,0.02948602478945852,0.03560486565954175,0.05888358568274769,0.2189091361473299,6528064,102000,0.0023712381383520563,0.002134667142200468,0.0020465516602843022,0.0023501401086699026,0.003075806733818722
0.3701746677492902,0.08092733555659665,0.030434144810477154,0.038107651102478116,0.06123783009266352,0.22751987490561912,468.64741854311643,0.07853259148448685,0.028335210132957905,0.03589362948030011,0.058920400915776945,0.22439162193122997,6592064,103000,0.0023947439626790515,0.002098934681940155,0.002214021623006919,0.002317429180879879,0.0031282529102350035
0.36962033538989647,0.07915770106390128,0.030913470171731988,0.03786708706180876,0.061291316118425435,0.21916681559562465,468.75357812221114,0.07650630724430078,0.028639995514763893,0.0355529334505391,0.058511132705753456,0.21580624540100146,6656064,104000,0.002651393855921917,0.0022734746579973725,0.002314153629019988,0.002780183392797747,0.0033605702056620037
0.3460880436048728,0.0788681909553707,0.03080657652746593,0.038316704544179014,0.06073705675696692,0.21826244300595168,468.8444160030716,0.07635150914639215,0.02856005655908477,0.03607924309071569,0.05827584087597968,0.21498053575811935,6720064,105000,0.002516681413166221,0.002246519961396027,0.0022374614695617285,0.002461215870990882,0.003281907180589668
0.36128882700389503,0.07936561935022485,0.030453762110989893,0.03842814530744984,0.061674523567289835,0.21983399222884084,468.94544427947403,0.07694251871109001,0.02837130708459086,0.036174558507682454,0.05922295972902949,0.21677498308584206,6784064,106000,0.00242310067196377,0.0020824550201045725,0.002253586767179247,0.0024515638388520958,0.0030590090352579096
0.35837729196098633,0.07901943210884946,0.030289091672451193,0.0378678489240583,0.06091922771956291,0.2198640866285988,469.051145726822,0.07661279036104685,0.0281981101788199,0.03566074825121322,0.05855997852809067,0.21671790871353108,6848064,107000,0.0024066415553679714,0.0020909814951154265,0.002207100661138362,0.002359249210758393,0.0031461777206157103
0.3283206852672192,0.07858267776668074,0.03023749881211469,0.037294603196751853,0.05997964714342891,0.21810166919871696,469.14401312726955,0.07626380278170107,0.028253698068775136,0.03528494889608155,0.057645018779134874,0.21501025069618776,6912064,108000,0.002318874965305443,0.0019838007423166504,0.0020096543003662484,0.002334628384202451,0.003091418404889614
0.35002061996817213,0.07871180860325701,0.030735944092893267,0.03806686658251324,0.06058402833587387,0.21947579024944774,469.24885124719276,0.07633145730942505,0.028517922014427825,0.03600887984021944,0.05829334907987158,0.21639051583294952,6976064,109000,0.0023803511820151466,0.002218022061732981,0.002057986724997331,0.0022906792560599652,0.003085274370952158
0.34809458088933354,0.07815058457851391,0.03098737131230206,0.037850153297069,0.0602629533077877,0.21491247979274944,469.3532785483262,0.07575198139622794,0.028813550717082193,0.03559314000193089,0.05791532450613562,0.21196356057903964,7040064,110000,0.002398603115347211,0.0021738205894730345,0.0022570133160326493,0.0023476288074163318,0.002948919220849853
0.34417976642902115,0.07892407000064834,0.03017207026516745,0.036994008515299805,0.06062723159076571,0.2207118153506352,469.444190163407,0.07663475407287479,0.02821248638101814,0.034918738310258365,0.05834811985595485,0.21770228586240278,7104064,111000,0.0022893158792285256,0.001959583877431016,0.002075270214911275,0.0022791117142576677,0.0030095296135602798
0.3567828635996668,0.0793041061051188,0.030658917138251158,0.03748685328901248,0.06043865274490506,0.22200536601291185,469.54507570062407,0.07683594880253065,0.028464529457636133,0.03529352210288935,0.05797936566558833,0.21884147702039056,7168064,112000,0.0024681574641726915,0.0021943876871481725,0.00219333116376426,0.002459287112364638,0.003163889009088869
0.34766437175627585,0.07719076559692617,0.029725070742548695,0.037145301243429144,0.06012927113969852,0.21551163774779586,469.63817854324526,0.07494241110607973,0.02771497497224199,0.0351998852187908,0.05791885210468682,0.2125381743536685,7232064,113000,0.0022483545503928356,0.0020100957572624254,0.0019454160364527206,0.0022104190143875857,0.00297346348813921
0.3396437656256394,0.07751398622617127,0.029934072781063147,0.03791893964460678,0.05898977221652274,0.21549431652731638,469.7339084567013,0.07515878455713376,0.027918303164759847,0.03566552010098776,0.056695154417337454,0.21244055647950236,7296064,114000,0.002355201651458627,0.0020157696048893683,0.0022534195330656047,0.002294617795915162,0.003053759980678973
0.38560774290038863,0.07823629704117772,0.031209458519579517,0.03773435066529518,0.0625582195360629,0.2130829561693679,469.83299428168675,0.07553964479267591,0.028725705723586438,0.03541710019175256,0.059683529792090066,0.20995013517892944,7360064,115000,0.0026966525050811496,0.002483752793392806,0.0023172504978784076,0.0028746897126350987,0.0031328210939760488
0.4088826698052335,0.08206468033418052,0.03510735421856248,0.04046968544772774,0.06371562275307724,0.21858358340191927,470.02315364012424,0.07898150944337247,0.031875079071994994,0.037631800868266764,0.060784124209094285,0.2152521819414953,7424064,116000,0.0030831711404025602,0.0032322751226917844,0.0028378845873867787,0.0029314985417034515,0.0033314014688903067
0.3441342861306628,0.07848030032217491,0.031792385409236276,0.03951848815310542,0.06259413991512394,0.2112962832433888,470.14014584444925,0.0760700701847673,0.029578263130468203,0.03732545628229637,0.060174675913583275,0.20839041948997694,7488064,117000,0.002410230371227947,0.002214122287212814,0.0021930318529389645,0.002419463999424829,0.0029058637129336373
0.31569760660822316,0.07687933604046714,0.02963307768366709,0.037397650066979184,0.0600939262865473,0.21226136432083054,470.1986323747103,0.07468011161312452,0.027730561840932824,0.03547575679902383,0.057863244353714205,0.20938993159781238,7552064,118000,0.0021992242400301607,0.0019025158345598765,0.001921893266005807,0.002230681941105098,0.002871432646476399
0.34095147203535436,0.07685137798637134,0.029432011576885266,0.037112183251007166,0.05993530541141072,0.21403513944613956,470.2642274465196,0.07460362227261087,0.027350422973936202,0.03510925716098932,0.05775329699034208,0.21119110242666891,7616064,119000,0.0022477556595113116,0.002081588595306521,0.0020029260785159337,0.002182008403949403,0.0028440371267244653
0.3644830255886647,0.07839151286706311,0.030416071581718985,0.03763819048353262,0.0603921397168116,0.21588434963564615,470.34546000447745,0.07589458751305932,0.028230749648520938,0.03536999529627642,0.057841783700836466,0.21278106078531134,7680064,120000,0.00249692511744797,0.00218532193534895,0.002268195188752194,0.00255035603001965,0.003103288721728175
0.33430606431842275,0.07637638167291888,0.029236525320653656,0.036981168896137354,0.0594410848304785,0.21418081755093096,470.43180424078804,0.07410422463715056,0.02726623632266885,0.034888511153360245,0.057230014891904525,0.21117188648342952,7744064,121000,0.0022721568340202795,0.0019702890084219746,0.0020926577556903926,0.0022110699277680043,0.0030089310394237245
0.3240689110525342,0.07724862060323376,0.029527790041437237,0.0362284017390618,0.05975749014629946,0.2176847049099013,470.5194130268574,0.07508163838088529,0.027627224030319142,0.03435434864266772,0.057529762322615544,0.21490765363657233,7808064,122000,0.0021669822576805054,0.0019005660116940756,0.001874053091850451,0.002227727842388211,0.00277705116449409
0.3510336284585569,0.07806649674847711,0.03006783131971572,0.03695305864165059,0.05914312588726887,0.21847739547337758,470.6162023794646,0.07568085736781345,0.027996782070940147,0.034933763937410725,0.05671091037677145,0.21532433211971416,7872064,123000,0.0023856391573790457,0.002071049260094953,0.002019294696941454,0.00243221549186229,0.0031530633913332278
0.33812094691724287,0.07796979882940672,0.029754534450227375,0.0367738409768094,0.059209902378247685,0.21937569105995278,470.7196845570466,0.0756885778121649,0.02779388221740916,0.034718090602917306,0.056908929341277344,0.21641832894923518,7936064,124000,0.0022812210776610377,0.001960652241507899,0.002055750392137865,0.002300973037615322,0.002957362049453547
0.33504801418125263,0.07522053471580167,0.029233839465011784,0.036436790212821944,0.059306724566765084,0.20813010415083685,470.8111658167843,0.07297199122421426,0.027226195809388478,0.03441307522941177,0.057050485267117236,0.20530210467375093,8000064,125000,0.002248543495894409,0.002007643667205028,0.0020237150116752707,0.0022562392857911917,0.00282799949124811
0.34748906857513323,0.0767471348382534,0.029478630629959746,0.0373349802419086,0.05947062980790243,0.21312848282334323,470.8960153606146,0.0743377503566445,0.02737728571245491,0.035082159771558055,0.05704768716348523,0.21012061939261292,8064064,126000,0.0024093844529707027,0.0021013449001061266,0.0022528205026671085,0.0024229426369214973,0.003007863450917463
0.3312512382197258,0.07618660395592444,0.029760436771557597,0.03703914587433074,0.05919137728703789,0.21048219833013895,470.9845944572049,0.073889632869512,0.027719910664128475,0.03489017150790287,0.056917159925054445,0.20761935773529008,8128064,127000,0.002296971358591692,0.002040526112252406,0.0021489743802480294,0.002274217366517087,0.0028628406108956676
0.33029316286791366,0.07742327001690853,0.029565837654796333,0.03619326738525412,0.059566120598774766,0.21668897550426278,471.082470776373,0.07519341355934737,0.02761018123216051,0.03419247326013291,0.05736347304567464,0.2137821930220622,8192064,128000,0.0022298566540703136,0.001955656419168806,0.0020007941132612174,0.0022026475428057546,0.002906782508890178
0.33041628151747954,0.07644115672260524,0.0287981322784437,0.03675584336638839,0.058520390682604895,0.21460279228054957,471.1836589229954,0.07422202107682814,0.026838545531058994,0.034787880812751575,0.05636845610825913,0.21164228313119524,8256064,129000,0.0022191358236013903,0.001959586755814282,0.0019679625581082143,0.002151934587920119,0.0029605091527299256
0.41070176421288357,0.0773224101550879,0.0316765345913107,0.038667482878562205,0.06051010158956694,0.20948253383230658,471.3202343520401,0.07459692172706131,0.029165722330662426,0.03613028777864466,0.05787491954995935,0.20611215110194095,8320064,130000,0.0027254884939175053,0.002510812264440249,0.0025371951004606067,0.0026351820561571152,0.0033703826661679198
0.3151074646957229,0.0753719412349166,0.029524524861850972,0.0365346153816582,0.05863601720754175,0.20818573336867663,471.44875671430776,0.07320149390771993,0.027592226426809422,0.0345745393347708,0.056527650342549154,0.20535410241663418,8384064,131000,0.0021704470355762193,0.0019322984488053523,0.001960076049817976,0.0021083668708845164,0.002831630940859342
0.3229067280128293,0.0762540911659599,0.02847097767380647,0.035758143200213255,0.058387492728861956,0.21166009601435903,471.49567784687423,0.07413331690803157,0.02670733715634523,0.03383109992611811,0.056291162828922305,0.20879555829444282,8448064,132000,0.0021207743911654657,0.0017636405175832956,0.001927043282194681,0.0020963299195498,0.0028645377067420944
0.32168356858836467,0.07535035876184706,0.028994657125739585,0.036096783468339076,0.05799864746154728,0.20977810154755946,471.5603803324022,0.07315932871773867,0.027041137250720975,0.034163765341450165,0.05584228208980869,0.2069215900396861,8512064,133000,0.002191030264890285,0.0019535198777931393,0.00193301812386135,0.0021563653615715686,0.002856511422422812
0.3368118088557142,0.07656712192669493,0.0289934969821968,0.03564240344116932,0.05837748345214656,0.2162875550185475,471.6422512762235,0.07431602263078112,0.02696901094532015,0.033755988980391075,0.05609685151748552,0.21337295576895599,8576064,134000,0.0022510990861337693,0.0020244860384301864,0.0018864144407593597,0.002280631892946816,0.0029145993156040563
0.32852614891810883,0.07599657640233654,0.0291073096167446,0.03618410360952985,0.05815676437590648,0.21332603113749865,471.7278492298739,0.07374090308323507,0.02719570178685598,0.034211136869159796,0.055841376465591466,0.2103632278368089,8640064,135000,0.0022556731780059643,0.001911607827977256,0.001972966742598001,0.002315387903238288,0.0029628033446017633
0.3376009887885497,0.07633963260427118,0.02990526423499623,0.036279896602265514,0.05856656722222105,0.2107649530631107,471.8157762677815,0.07406260849907986,0.0278822694154073,0.034152903247178915,0.0563742056704771,0.20783899269750333,8704064,136000,0.002277023971546444,0.00202299482089966,0.0021269933453922623,0.002192361556063898,0.0029259602531920455
0.3179765169149701,0.07582048502564422,0.028618137092843037,0.03651126730905145,0.05861828210365014,0.21198618517632245,471.9002914976064,0.07368875543400658,0.026765973413565302,0.034565922718550704,0.056512233296683985,0.2092093361938375,8768064,137000,0.0021317297487403264,0.0018521636803512144,0.0019453445853563633,0.002106048818740214,0.0027768489069526776
0.3135996438362999,0.07498312088102085,0.02841437367100298,0.03608053167419322,0.05889618645138006,0.20778660429654372,471.98180689346657,0.07283117527514689,0.02662784565007914,0.034133345342640856,0.056663559355054564,0.20500629813840704,8832064,138000,0.0021519454601802842,0.0017865280316008345,0.00194718633481162,0.0022326271182789795,0.0027803061524501673
0.3309331205319824,0.07621811892092227,0.029075214560150515,0.036980756702198234,0.05839824717874089,0.21475226586269497,472.07334365383826,0.07394301422685368,0.027120254776414398,0.0347655959628286,0.05618775622345305,0.21183057618119955,8896064,139000,0.0022751046818448276,0.0019549597978033807,0.0022151607196014144,0.002210490953063601,0.0029216895725696374
0.3278969375209428,0.07676185344532133,0.029686357873507513,0.03690114336121043,0.05760074768208339,0.21237195519950736,472.1725831136875,0.07455467899516248,0.027566458379812354,0.03496909534592205,0.05548335557285847,0.2096380966494894,8960064,140000,0.00220717447414063,0.002119899487193608,0.0019320480064863486,0.0021173921197560597,0.002733858577998775
0.3106039155792294,0.07597908772900712,0.02904617893327177,0.036337119656973525,0.05936428629009133,0.21020342270046619,472.2619694289846,0.07379625964164716,0.027134144961139216,0.03435614329398401,0.057155811316588576,0.20745607608126587,9024064,141000,0.002182828205288393,0.0019120339765628662,0.0019809763750607123,0.0022084749656614134,0.002747346584073112
0.32198410181748327,0.07496234535425908,0.028955269499138157,0.03557976424436003,0.057800291105084195,0.21114557968536365,472.3476652666153,0.07276450891047732,0.026904379167726058,0.03371343705130392,0.05563626814969047,0.2083353967895075,9088064,142000,0.002197836203442423,0.002050890320706995,0.001866327203383624,0.0021640229566650135,0.0028101828579453906
0.33180942271628183,0.07456373059377053,0.028263317204852725,0.03698814457616681,0.05868704598004265,0.20660031081882488,472.43414621960915,0.07225831210985782,0.026273160085880244,0.034846096151675436,0.056362835707234,0.20368155423239664,9152064,143000,0.0023054186396184377,0.001990157119617443,0.0021420484099753164,0.002324210245232048,0.002918756619681928
0.31726917231442076,0.07545580908656126,0.029125852008828976,0.03532900643802359,0.05819082776683431,0.21008177427973873,472.51113908885947,0.07328067383170112,0.027224426067518077,0.033418110653059274,0.05603423880958887,0.20720977421512085,9216064,144000,0.002175135542813222,0.001901425938427498,0.0019108957808091473,0.0021565889682430167,0.0028720000485691
0.31332030772839164,0.07421814410388479,0.02798054005814007,0.036332284378861934,0.05785947786576291,0.20713025247364614,472.5994838982539,0.07204637530446052,0.026166040303590765,0.03438666648087972,0.0557214202950738,0.20413860565170155,9280064,145000,0.002171768465428611,0.001814499762466057,0.001945617899569237,0.0021380575727328417,0.0029916468304925464
0.3321186623328422,0.07722223000973466,0.029529390333237152,0.037023549394411,0.05964351578625229,0.21560097406518924,472.72997545196375,0.07487436371669169,0.027424202310550514,0.0348163821000738,0.05734520404448009,0.21267373349376967,9344064,146000,0.002347866431518926,0.0021051880527048756,0.0022071672874745675,0.002298311758838918,0.002927240533725884
0.30603116160641614,0.0747266558110713,0.028693362231884168,0.03542372800977853,0.05850177232279702,0.20844273774861902,472.80377014701816,0.07273113282769933,0.026954029323817345,0.033630901201272406,0.05646539462073087,0.20591692082751795,9408064,147000,0.0019955229954211956,0.0017393329180283423,0.0017928267920011352,0.002036377719918041,0.0025258169790701585
0.35279797240690264,0.07549098913744086,0.02947876685925417,0.03571855256037344,0.057723041482943827,0.210239707988893,472.892123062511,0.07321143470332038,0.027411022215061025,0.03373877766404102,0.0554422605739861,0.20734774293969116,9472064,148000,0.002279554466949777,0.0020677446499308793,0.0019797748941124287,0.00228078087381708,0.002891965222198214
0.3051613983818759,0.07355229321867206,0.028125019173233807,0.03566572827588589,0.057673536257366605,0.20560494380482575,472.97291582648626,0.07141681911423797,0.026194927143166825,0.03384962454820867,0.05551425494002428,0.20286634728686384,9536064,149000,0.002135474355542107,0.001930092025974044,0.0018161037014641748,0.002159281324335594,0.00273859667191
0.3214964616053096,0.0749060604833068,0.02794674976857821,0.035444300946667666,0.05743606436390699,0.2114321817476488,473.048530283675,0.0727644175104796,0.026141592495358214,0.03352176871160563,0.05534824972410604,0.20848444080036962,9600064,150000,0.00214164302375866,0.0018051572894607637,0.0019225322342178337,0.002087814647984682,0.0029477411029283965
0.3240314001987675,0.0745355112589896,0.0279372707835015,0.03513493072608764,0.05722299803777911,0.20967756603324825,473.1391350881503,0.07236867261677969,0.02605915304479525,0.03322375322919234,0.0550954499977633,0.20676327650270304,9664064,151000,0.0021668386119417862,0.0018781177203819055,0.0019111774987736337,0.0021275480425182514,0.00291428958539459
0.3184404468626084,0.07385620463266956,0.028055952956707014,0.03517442603274173,0.05805993732663464,0.2052179462614721,473.229857142031,0.0716711797751486,0.026101461667967736,0.03324243649135015,0.05590030362030336,0.20239417506527135,9728064,152000,0.002185025110724384,0.0019544912752011714,0.0019319895526087908,0.0021596337124655824,0.002823771137447746
0.3201872971747084,0.07499012594670054,0.027458456605097777,0.03626290277978767,0.057790430176441636,0.2119899466296672,473.325452602439,0.0728340086713431,0.025643777956423017,0.034141244609839576,0.0557136029691846,0.20916251631460545,9792064,153000,0.0021561175138922434,0.0018146786433638127,0.0021216581424109244,0.0020768272122582373,0.002827430520809874
0.3188226670291805,0.0748327843025326,0.02787811054525778,0.035755293710222374,0.05760969796410843,0.20987857236311794,473.41447599861715,0.07264332639425965,0.025976132388685808,0.03374567672595204,0.05537718185467228,0.20714328269752275,9856064,154000,0.0021894577628700056,0.0019019781545244188,0.002009616983522659,0.0022325160921870756,0.002735289626697535
0.31792743856525046,0.0739585213698446,0.027748979874924615,0.03600538767517852,0.0571073307932649,0.20656482974291052,473.5019527476856,0.07188000712916266,0.025986174260628162,0.034071240807871876,0.055086170472546825,0.20378265587375607,9920064,155000,0.0020785143135581227,0.0017628056118938775,0.001934146871846019,0.0020211603170419336,0.002782174025558425
0.3151458566838192,0.07465794222429398,0.029028843488801467,0.034431096371604956,0.05772319535266928,0.20887192585417225,473.6050426755649,0.072524848368019,0.02714057446992046,0.032648618841043406,0.05556065223963619,0.20606402276888355,9984064,156000,0.0021330935566220405,0.001888269005759527,0.0017824775274159622,0.0021625431054348005,0.0028079029543780737
0.316616733291812,0.0732154902704059,0.02812011523719356,0.03463777022443839,0.05831710664022915,0.2014618680250947,473.69032065863104,0.07119174407050038,0.02635222741142555,0.032817000778673014,0.056267807377401224,0.19889129841689163,10048064,157000,0.00202374626370147,0.0017678878203043092,0.001820769464186835,0.002049299263840668,0.00257056953146347
0.3187118096320631,0.07365496957674642,0.028146435493913952,0.035672521605415876,0.057489493816518876,0.20301165829276493,473.77334715938946,0.0715341330114751,0.026320306451269974,0.03378239802062284,0.05526615632493541,0.200377861134433,10112064,158000,0.002120836632093415,0.0018261290389779748,0.0018901235768693956,0.0022233374813091897,0.0026337972924189773
0.30931606210610196,0.07296414110064496,0.02794995364246437,0.035743454420587656,0.05637575967436522,0.20579246054386266,473.8620023086843,0.070871440462768,0.026090172414060586,0.03380664710410435,0.05431694388135811,0.20312958385036872,10176064,159000,0.002092700506502295,0.0018597812156442258,0.0019368073297899707,0.0020588157977495837,0.0026628766235166214
0.29677275699709316,0.0738503388240933,0.02834105923191147,0.03534792475191072,0.05726299276754582,0.20416795743358596,473.9516590955908,0.07175317919999351,0.02650547989070367,0.03341146611259345,0.05521108801065497,0.20145620158329167,10240064,160000,0.002097159685217779,0.0018355793317697457,0.0019364586593974078,0.0020519047667305764,0.0027117557801379405
0.30944407899589293,0.07359060969762493,0.028108638350147635,0.035829004994373546,0.05713463556631831,0.20383869483210906,474.0387176726335,0.07139401032403114,0.02612932587195955,0.03385932216327178,0.05494096365513873,0.20108702637328277,10304064,161000,0.002196599303104451,0.0019793124691046544,0.0019696828251014272,0.0021936719273843194,0.0027516685217327157
0.307683769266271,0.0733635991923511,0.02790377252393984,0.034839767412432186,0.0570507021207334,0.2040761634797079,474.1297849089444,0.07128869435936223,0.026116520814572847,0.03301491621830287,0.05492729729779323,0.20139247738532945,10368064,162000,0.002074904733686702,0.0017872516907869852,0.0018248512142020298,0.0021234048128888987,0.0026836859899516765
0.3059621480780096,0.07293069490417839,0.02807738823677083,0.035195117293285075,0.056342068520084505,0.2028140441869422,474.2152541640807,0.07084359677508476,0.026225253760603865,0.03329136737870094,0.05426187972439266,0.2001798150928095,10432064,163000,0.002087098205869557,0.001852134480924272,0.0019037499242431542,0.0020801887812236125,0.002634229038039041
0.3041434015559665,0.07356037022545933,0.027237238704881258,0.0349427818797793,0.05750519548320214,0.2052426110317249,474.30770329171673,0.07156347521394478,0.0255274680810295,0.033173561064388825,0.0555340102641627,0.20255129877944597,10496064,164000,0.0019968950555194144,0.0017097706354877685,0.0017692208204225682,0.0019711852217759716,0.002691312205148471
0.3110178476320572,0.07390269143879402,0.027512016799851425,0.034955358407033676,0.057925938824518214,0.2062245683995138,474.4001075032858,0.07178567901998759,0.02565848887651488,0.03307081479196288,0.05573156973269703,0.20359851345843383,10560064,165000,0.0021170122697949426,0.0018535279206692529,0.0018845436345810234,0.0021943690792318106,0.002626054871467626
0.30554579320397623,0.07436228511109923,0.02740306469489361,0.03500378318835281,0.05745961819249191,0.20759010458814026,474.49234977037753,0.07226834778487683,0.0256457570950436,0.03310894589173319,0.055254749779335845,0.20496787972767008,10624064,166000,0.00209393717162311,0.0017573075996818277,0.0018948372827081875,0.002204868436019809,0.0026222248667161765
0.3118800966302111,0.07334255557879799,0.02763665815709993,0.03507783107093786,0.05782889829803715,0.20342085639592883,474.5877230347642,0.07117477566376333,0.02568889551375823,0.03312562277405362,0.05567295319682997,0.2006904170128197,10688064,167000,0.0021677799777244213,0.0019477626409453495,0.00195220828958345,0.002155945103561383,0.0027304394422055624
0.31167048122733426,0.07336180925369239,0.02831402963464867,0.03532417484080538,0.05692486801384734,0.20610399222578377,474.6768916791434,0.07115160924941293,0.02631646775285621,0.033293949742669963,0.05482341807040039,0.20321985516680094,10752064,168000,0.0022101999563747046,0.001997561870855276,0.0020302250754622975,0.0021014499357694043,0.0028841371288985526
0.2952346977525196,0.07231230046972649,0.02743983466929098,0.03399052148652341,0.05693812636754655,0.2029468345687107,474.7536783355042,0.07027294499799601,0.025634640050152684,0.032249549004494504,0.05491848388113954,0.20021821603463824,10816064,169000,0.0020393554577603935,0.0018051946016638541,0.001740972496262773,0.0020196424770422194,0.0027286186136553842
0.3003958952098069,0.07379036717116838,0.02710598698903904,0.036019557473560025,0.05671983537221694,0.20545882701946838,474.8271251304725,0.07165263045579201,0.025291138587925678,0.034064233822973404,0.05452539602515047,0.20274553767004805,10880064,170000,0.0021377368307439557,0.0018148484073072784,0.001955323657666501,0.0021944393963340535,0.00271328936387164
0.3135731276109812,0.07394421697407966,0.027547112277813424,0.03507728291164488,0.05689815797995498,0.207341171816874,474.9170110666959,0.0717282427959144,0.025687385875508867,0.032960994835034244,0.05463842110218704,0.2045543242357568,10944064,171000,0.0022159741875366307,0.0018597264103096917,0.0021162880694149348,0.0022597368760652737,0.002786847600493163
0.3117943709904352,0.0721651424020529,0.028242080018131378,0.03470506288355872,0.057478845731455654,0.1983482797740175,475.0205402028862,0.07012064513936642,0.026311283627899064,0.03287564234697183,0.055562579297406114,0.19572240446589906,11008064,172000,0.00204449737252435,0.001930796387455132,0.0018294205254993099,0.0019162664180386092,0.0026258752079241702
0.3187681798643631,0.07390842048078776,0.028080881901600154,0.03537875275550283,0.056590468975128455,0.20667263407502284,475.12176863339823,0.07175372352078543,0.02624857105137168,0.033408226251732155,0.054462751502380356,0.2038121073230695,11072064,173000,0.002154696917918045,0.001832310871199395,0.00197052651719773,0.002127717464978614,0.00286052654235737
0.30262802561323376,0.071993565015495,0.0277240233434323,0.035059037012397154,0.05651581189231084,0.1995727266522638,475.21265427891217,0.06990791815519323,0.0259034754676154,0.033070977703123255,0.05447736760877582,0.1969168827170509,11136064,174000,0.0020856467534322316,0.0018205478878385497,0.0019880593096569224,0.002038444264442973,0.002655843893760864
0.29629314073564117,0.07213923499733198,0.027272433635381753,0.035288484316537604,0.05614206150279052,0.19877398278640265,475.2823981584837,0.07009485160559412,0.025490390055822192,0.03346384027164696,0.05404477072635743,0.19620447873975522,11200064,175000,0.002044383596163241,0.0017820435922413674,0.0018246440425739884,0.0020972907853940765,0.0025695040642339643
0.29809372283489805,0.0728526261895896,0.0272579223057204,0.03392782129092274,0.05745617260491126,0.20250432582838024,475.36387253374676,0.07079566514119498,0.025453340707689714,0.03212643374390151,0.055349508148277236,0.19988910814453356,11264064,176000,0.0020569611612008903,0.0018045815958049327,0.0018013875392280903,0.0021066644555888985,0.002615217617336894
0.2978865610827466,0.07192989971116168,0.027517693307505017,0.035077876615388706,0.056100361663881375,0.2007764673910821,475.45267057281205,0.06989428110048163,0.025738427176518062,0.03318692149047435,0.05406015318322626,0.19821048784972273,11328064,177000,0.0020356185563141457,0.0017792661168147365,0.0018909551265346993,0.002040208479920366,0.0025659794655388487
0.3042041726250773,0.07213170604407781,0.02759267425684898,0.03441001136032405,0.05694300257956861,0.20172247804231988,475.54099225749644,0.07002846635133009,0.0258115422095473,0.032612328761584555,0.054871809709351106,0.19876753206558206,11392064,178000,0.002103239857300654,0.0017811320368881585,0.0017976825745459907,0.0020711928614181503,0.0029549459915676
0.3233397882001557,0.07267667629569761,0.027196731732510148,0.03511209896560419,0.05745734500544898,0.2007816357178469,475.633118894394,0.07048759358376278,0.0252932253097295,0.0331898622949157,0.05524955613376292,0.19792725582755846,11456064,179000,0.002189082623051943,0.0019035064115533818,0.001922236667614449,0.0022077888699330215,0.00285437977101566
0.2831796924663269,0.07239996343478565,0.026458536795664022,0.03565806079903379,0.055591745168272665,0.20205543114544364,475.71201435115194,0.07040579934418192,0.024769438322314454,0.03380559219374549,0.0536037400336172,0.19945857850724394,11520064,180000,0.0019941641420591614,0.0016890984695278242,0.0018524686172639172,0.0019880051277026203,0.0025968526803300147
0.3018408446894117,0.07161005249992014,0.027034201768073567,0.0349353613643726,0.05632932548450148,0.19752926841212964,475.78948700277573,0.06953900078311577,0.025206844407036105,0.033085122606087154,0.05424277616827265,0.1948990258021974,11584064,181000,0.0020710516955004944,0.0018273573698575078,0.00185023876251251,0.0020865493153086976,0.0026302426440211082
0.30605995347485637,0.0737013629302383,0.027911271577152705,0.03507296167486742,0.05667457075711246,0.20364160134214163,475.89119759327656,0.07160996082425122,0.026024674411778116,0.033151595959039985,0.054685148049384714,0.2009344926973006,11648064,182000,0.0020914021607022736,0.0018865971760509597,0.0019213657051799329,0.001989422681944865,0.002707108615248002
0.2919699686152623,0.07223889110609895,0.027159643240671636,0.03477591796651372,0.05624325435261118,0.20169546397821622,475.98331044029163,0.07017212314903733,0.02534809501849575,0.03285549550865153,0.05419758059531716,0.19906454863192835,11712064,183000,0.0020667681608465558,0.0018115482175888572,0.001920422456224014,0.002045673780717232,0.002630915438175048
0.2926208630908718,0.07213450311124335,0.02717803225194113,0.03370139489957443,0.05639273097743879,0.20097099989366257,476.06508508200824,0.07004270759597421,0.02535253620990868,0.03188673798567084,0.05425549984382362,0.198274490779947,11776064,184000,0.002091795359621758,0.0018254960352749874,0.0018146569189945328,0.0021372311450391975,0.002696509214402023
0.31451319187741644,0.07217607799917462,0.027716845908864116,0.03517222443092135,0.05675001652441902,0.19855571502001257,476.2047488474452,0.07008280986174942,0.02595531039501093,0.033147686322789804,0.05466970221089066,0.1958789195829603,11840064,185000,0.0020932681384729195,0.0017615354958358303,0.002024538094014272,0.0020803143224806205,0.002676795291750004
0.32008673808853677,0.07312459114007654,0.028469172678243747,0.03573462748411235,0.056371625603281045,0.20211041025952967,476.2905759657161,0.07080460216477527,0.026300644940806833,0.033471196761876466,0.05416162432974381,0.19934471637741882,11904064,186000,0.0023199889648239987,0.0021685277306685,0.0022634307274856406,0.0022100012787948965,0.0027656939360075354
0.2815736597987575,0.07096909337118265,0.02716599103651649,0.03437497513119534,0.05585086943787472,0.1949293917875039,476.35648863519083,0.06900853908061984,0.02543629565392051,0.03261544717568642,0.05382437253128636,0.19252439854079523,11968064,187000,0.0019605542263016083,0.0017296953672271088,0.0017595279491195417,0.0020264969126669035,0.0024049932540572932
0.28746550668808796,0.07185869298130274,0.027059873126142314,0.03495059029083972,0.05539181687625596,0.20085461017255485,476.4290802441638,0.06988377007096999,0.025323580351962173,0.03315009704777803,0.05347235727074238,0.19826358080807,12032064,188000,0.0019749230301822534,0.0017362927655893378,0.0018004932532693222,0.0019194595858108964,0.002591029287657776
0.29376893223462686,0.07046712102741001,0.02762006174549929,0.0342930521890664,0.0557598389067388,0.1921327246453276,476.50399772189456,0.06847444386221481,0.02586340170717145,0.03252495553156134,0.05377742080866352,0.18955187632639675,12096064,189000,0.0019926772139733646,0.0017566600527172962,0.001768096650304993,0.0019824180820505084,0.002580848206511815
0.29414517933939116,0.07161758467555038,0.026650689914743935,0.033912922186359024,0.05590919287511027,0.19979982123032755,476.58009745127436,0.06960948270186772,0.024930956652226447,0.03212847726847894,0.05385237256479087,0.19721147441186468,12160064,190000,0.002008102009363943,0.0017197332572541008,0.001784444923512882,0.002056820306926595,0.002588346782615579
0.2880359218566318,0.07116381231322896,0.027115591549639877,0.03408568840077284,0.05599055719821169,0.19678353719933148,476.66313874899623,0.0692034962959587,0.02542876512307938,0.03228104897366735,0.05406936378568629,0.1942008686606999,12224064,191000,0.0019603158834506787,0.0016868264272432332,0.0018046394148577651,0.001921193421607793,0.002582668609765386
0.28972399882989164,0.0713477999567986,0.027009741745385087,0.03411072341890332,0.05634469712308154,0.19698166113035864,476.74077119311863,0.06938069854304202,0.02529465384206616,0.032323132814007186,0.054427246636303155,0.19438505914757093,12288064,192000,0.0019671016818610942,0.0017150878902761587,0.0017875906158820677,0.001917450473835527,0.002596602133659126
0.2944938490699339,0.07091895753890282,0.027310067285803923,0.03416599463318293,0.056283308388801384,0.19833889127331103,476.81674933607974,0.06890652166306975,0.025445794160976355,0.03240276848740784,0.05422371939100075,0.19591404096406587,12352064,193000,0.0020124358875909785,0.0018642731250544543,0.0017632261401595718,0.002059589012212751,0.002424850271704362
0.29100831975354996,0.07038662140443888,0.026834346159571622,0.03407326282102704,0.05530847143255625,0.1958251516835437,476.8964414116665,0.0682894567232579,0.02491620637059062,0.03228006984217378,0.053252916228401566,0.19308826968521992,12416064,194000,0.002097164847305975,0.0019181397804742414,0.001793192982370844,0.002055555214547782,0.0027368820647584186
0.2979792828425953,0.07155260850116604,0.02699553831387267,0.03472350778539464,0.05497378226995377,0.20021353921390705,476.98170632792875,0.06953329549357301,0.025190239881324343,0.032837339008226385,0.0530330428334964,0.19762157267406488,12480064,195000,0.002019313326862183,0.0018052984212034574,0.0018861688068348252,0.0019407394472260328,0.002591966640563878
0.3009742336334993,0.0708562148138881,0.02748307152884087,0.03452025140525192,0.055284662959191454,0.1958820477842389,477.06378599809915,0.06874873924627897,0.025549812095492126,0.03256621824099261,0.05326952720508259,0.19321978233828024,12544064,196000,0.0021074755930458196,0.0019332594275097107,0.0019540331705834675,0.0020151357800750865,0.0026622654290505564
0.2871046458098654,0.07055531803518536,0.027262617883840903,0.0335850569062149,0.05565147581022928,0.19722484059988463,477.1512114891277,0.06859477919712667,0.025578615752949892,0.03178259252035803,0.053650376635657776,0.19474220803058606,12608064,197000,0.001960539099003656,0.0016840021286764633,0.001802464397130964,0.002001099172467708,0.0024826326167499213
0.2989942430437574,0.07077319430559872,0.027353918310073246,0.03485675996559974,0.05589588260505977,0.19339651018190793,477.232159914529,0.06869615469127903,0.025369411141807893,0.033005820642232314,0.05381365077646672,0.19096423391469433,12672064,198000,0.002077039545809378,0.00198450716382436,0.0018509393247164209,0.0020822318484066543,0.0024322763426580605
0.28208462881217794,0.07053026379272326,0.02693486290828952,0.033967778550682,0.05590004111926499,0.19355169270742634,477.3190957606527,0.06855331698805103,0.02518778941645245,0.03216227749581741,0.053904112249618184,0.1910900776892049,12736064,199000,0.0019769468160811803,0.0017470734958908852,0.0018055010674767303,0.0019959288662426116,0.002461615085621697
0.2918091474704564,0.0705988888815044,0.026968200152054974,0.035085451264738464,0.05512466247500599,0.19685405289186253,477.39376049975493,0.06851660113781688,0.02517236524800874,0.03304630652141041,0.05315140729909003,0.19412355858840002,12800064,200000,0.002082287829834971,0.001795834910306822,0.00203914476368855,0.0019732551604848326,0.002730494325381421
0.2898105789798704,0.07168989744037374,0.026990583290273755,0.03375577196351827,0.056318093552728196,0.19918984027454933,477.4897284534241,0.06970881132408982,0.025335432743728705,0.031969969218218215,0.05422043877343521,0.19670159540172968,12864064,201000,0.0019810863505699662,0.0016551505433006289,0.0017858027553034573,0.0020976547725249975,0.0024882447677892815
0.27667289475922213,0.07009116091579197,0.026962503887444436,0.033711300758795165,0.05536662522349727,0.19375892966291322,477.56207712154855,0.06816118916124113,0.02531061467519368,0.03188646122598819,0.05341798584253037,0.19133252669267065,12928064,202000,0.001929971622303132,0.0016518892324892522,0.0018248395411466882,0.0019486393813938163,0.0024264028957574632
0.30543686326757885,0.07174968494847415,0.027041342711570045,0.03442268118318327,0.05602989939289926,0.19962829449393085,477.64161836771814,0.06959956802055227,0.025209306290344444,0.0325756838933915,0.05385900626623623,0.19672860025299593,12992064,203000,0.002150117127108389,0.001832036438175433,0.0018469972897016721,0.002170893098363754,0.0028996942311539688
0.2779305394783636,0.07089797594770778,0.0266158825619222,0.03532525970675498,0.05516484294749032,0.19570465175145432,477.7292513884452,0.06894343823939537,0.024893589626606732,0.03350287294691967,0.05327567056216031,0.1931755422105713,13056064,204000,0.0019545377595932226,0.0017222929330266486,0.0018223867734908027,0.0018891723792428617,0.002529109523864286
0.2930179412934619,0.06952625536173583,0.0263708860807922,0.033614881141137275,0.05581117087710036,0.19112779756266,477.80176184885437,0.06746397037804117,0.024615073698383602,0.03179486197908672,0.05366084896868175,0.18849660429121223,13120064,205000,0.002062285097083083,0.001755812388954006,0.0018200191514192588,0.0021503218907969507,0.0026311933943887014
0.2834943501646225,0.07108679234609022,0.027125662875332215,0.0338573299928622,0.05628773459006213,0.19717439379642626,477.88302775763276,0.06902443420514451,0.025369725342813707,0.03199807557271286,0.0542904781712107,0.19434786018997044,13184064,206000,0.0020623580019455486,0.0017559375521573656,0.0018592544328888464,0.0019972564147933405,0.002826533680093863
0.29222703994696686,0.07093687573820362,0.026376234611031224,0.0336003357585468,0.05609254959424835,0.20034686362560536,477.9618101116195,0.06893726875633005,0.02464330860642018,0.031893734547496486,0.05408123263925597,0.19765649119249487,13248064,207000,0.0019996069665649,0.0017329260209165327,0.0017066011957231292,0.0020113169475334167,0.0026903723337365244
0.2828494158718144,0.07046716164797535,0.02657065997002928,0.03402616383398921,0.05545857326886872,0.19585029526124384,478.04490480698615,0.06849459180980924,0.024903685637256937,0.03221034446036431,0.05349212224448933,0.19325187947461747,13312064,208000,0.001972570071869995,0.001666974321790526,0.0018158193583380975,0.0019664509910188328,0.0025984157278568097
0.40324393088708166,0.07485237299650935,0.031838298763376675,0.039193321854463496,0.05901323594916698,0.19919923045481813,478.1954291065029,0.07144717412814505,0.02815086510083889,0.03569700805983205,0.05588614876372598,0.19589068519532937,13376064,209000,0.0034051988198189062,0.0036874336803782532,0.0034963138045471585,0.00312708717002169,0.003308545384722886
0.4759562483295074,0.07962143202498553,0.03689375628314183,0.04385019403611088,0.06507985763280186,0.20003887045561597,478.45630525474746,0.07492645683139564,0.03222874550451494,0.03901136831462395,0.0603299671191289,0.19552494613634516,13440064,210000,0.0046949751828797145,0.004665010772007267,0.004838825717310194,0.004749890519396399,0.004513924249697162
0.27757139040522855,0.07172461532428856,0.028336851632614988,0.03470035488170074,0.057811531910424416,0.19335912776879277,478.47948658140433,0.06950861690938492,0.026261825007855868,0.03280135553081188,0.05547625829042691,0.1907943142856622,13504064,211000,0.002215998381434473,0.002075026614063763,0.0018989993633322406,0.0023352736130486376,0.002564813545408863
0.2820259178042625,0.06976393901556739,0.027533588973658662,0.03502228911268261,0.055150370317169836,0.18775243418474297,478.4964023550295,0.06776033348962651,0.025751123626279127,0.03301781133982197,0.05327358802147473,0.18523719306876102,13568064,212000,0.0020036054668016766,0.0017824653635595065,0.002004477794375145,0.0018767822826145184,0.002515241085899944
0.2814390310420221,0.06958912722021338,0.026658449212459585,0.03462884914827892,0.05542645443614298,0.19141440721815994,478.5337933182682,0.06756896303407857,0.024865426504595986,0.032559644975069656,0.05343987758566542,0.18904701856566214,13632064,213000,0.0020201642026076968,0.0017930227215171895,0.002069204180028993,0.001986576856222755,0.0023673887307010086
0.2799673787905769,0.0695360403321683,0.027554068695029674,0.034638452719034374,0.055123250548291834,0.18911446831084502,478.57835284987976,0.06747129523009074,0.02569528850047481,0.032695258321577186,0.05307342156532569,0.18659704461036714,13696064,214000,0.0020647451480617736,0.001858780187766416,0.0019431943708630957,0.002049828985975721,0.0025174236517594827
0.28497150679899497,0.07091602971404797,0.026877418884459634,0.03439302922313688,0.056106057665302966,0.19519346109152122,478.6457566130643,0.06891766200587163,0.02510257437620691,0.032612275986063546,0.05407901359526228,0.19268644294035261,13760064,215000,0.001998367707128636,0.0017748444968545883,0.0017807532551602548,0.002027044058116709,0.0025070181758340597
0.27653641348140484,0.06849911473318941,0.026558677158262694,0.03385187073323041,0.05523489716681178,0.18989101164818498,478.70843983802945,0.06655296162888412,0.024831774296203635,0.03212417988837237,0.0532550354182131,0.18743181477591284,13824064,216000,0.0019461532025598,0.0017269028593748332,0.0017276908532968354,0.001979861744330591,0.0024591968828960352
0.3083392917852396,0.07224443051219002,0.028346836013599983,0.0344145150638826,0.05704336637836305,0.19694071301124985,478.8097595854838,0.06999547613784668,0.02608444925520991,0.032504812573119685,0.05484819771827594,0.19429722930474289,13888064,217000,0.0022489544241107075,0.0022623867667118666,0.0019097025108904282,0.002195168655731232,0.002643483711239892
0.2752360181311719,0.06954778680950414,0.026317665510416952,0.03403388963780742,0.05542619009610125,0.18915849799826606,478.8818771161836,0.06760491782799381,0.024599286820339662,0.032285727246645274,0.0534689327458916,0.1867144403647606,13952064,218000,0.00194286893354729,0.0017183786920247632,0.001748162388692317,0.001957257322659581,0.0024440576702746235
0.27978921567932297,0.07018480846285821,0.026387824478771544,0.03458521346147588,0.0554132503766489,0.19666436611624447,478.9421591362841,0.06822066124901194,0.02459600728155423,0.03281818595647097,0.05351090238363902,0.19413874319604155,14016064,219000,0.0019641471179202195,0.0017918171932819712,0.0017670275049139206,0.001902347996268431,0.0025256231690824844
0.2812647698502735,0.07014639697968966,0.026476905426994175,0.03390261687432362,0.05474336731674498,0.1945123932728232,479.01279433187574,0.0681856398656963,0.024726750643178388,0.032183223638011724,0.052822419912867825,0.19193769643705494,14080064,220000,0.001960757180000653,0.0017501547883753802,0.0017193932398814138,0.0019209473853313487,0.0025746968220135245
0.29762406404624786,0.07070758085325346,0.026639932438132986,0.03441585525458019,0.055581952829363686,0.1972860538099442,479.1028077166051,0.06857640483975395,0.0247965268311267,0.032354015680498886,0.05352693597194207,0.19453280044491367,14144064,221000,0.002131175871472805,0.0018434055984708198,0.002061839576391045,0.0020550168718010235,0.0027532534584181236
0.293103656864867,0.07038024848327043,0.026740495239035388,0.03414749628169008,0.05572472590094765,0.1925863033630573,479.18118250055244,0.06827231729403134,0.02486352840967881,0.03220736023624217,0.05363591594072438,0.18994318252348158,14208064,222000,0.0021079312983783814,0.0018769668359518489,0.0019401360395329352,0.0020888099537124108,0.002643120878281264
0.263226050680984,0.0699425642006099,0.026610658433162935,0.03330485056405226,0.054793372168642066,0.1944472702355809,479.24326694480817,0.06806230030208811,0.024961123789715503,0.03168275865300556,0.05300118012979527,0.19183032758315902,14272064,223000,0.0018802637344342641,0.0016495346438490039,0.0016220919070955712,0.0017921920326883153,0.002616942684280617
0.27043416872077,0.06979028289392607,0.02649263646433624,0.03379080031559816,0.0545096329285418,0.19320491712185248,479.3092772571185,0.06794474808499233,0.02486575717155421,0.032204594688358325,0.05266011631753254,0.19077931259479902,14336064,224000,0.0018455347124254297,0.0016268792965096275,0.0015862056292700816,0.001849516606272696,0.002425604610802108
0.27711473817021465,0.0693848083540797,0.026190789477261122,0.03263431080824379,0.054575172181496934,0.19598067599754446,479.3861792688585,0.06743113951012498,0.024498654305505456,0.030896096320872698,0.05265515417736681,0.19335422931576002,14400064,225000,0.0019536689451779207,0.0016921351705189171,0.0017382144989515412,0.0019200180211038874,0.0026264466859242737
0.2799029703855376,0.06947033289074907,0.0262462679551227,0.0342742086618958,0.054766286330216386,0.19015343308398308,479.4576291762531,0.06754859587550145,0.024462182055798355,0.0324433185616466,0.05294111003612716,0.1877947752927273,14464064,226000,0.0019217370565747876,0.0017840859041493105,0.0018308901286846902,0.0018251762679411024,0.002358657815552686
0.2850314003096498,0.07076815843582157,0.026984829834020698,0.03400347994026376,0.05544130839595105,0.19560799281002625,479.5381363276542,0.06872955945506681,0.025289738077199905,0.0321238840420886,0.053373070617212956,0.1929462197448042,14528064,227000,0.0020385990510694662,0.0016950917731144617,0.0018795958819434863,0.0020682377858517835,0.0026617731550893867
0.2877468468305329,0.07041255438327772,0.026149437581852335,0.03381205787747088,0.05533259119739345,0.19405820026688778,479.6128140745842,0.06837929649278515,0.024413238211090225,0.03197402312919233,0.05326221184864251,0.1914503118261956,14592064,228000,0.002033257785718888,0.0017361993630403273,0.0018380347591950476,0.0020703793407302502,0.0026078885429367824
0.27588196640002627,0.06990026902034881,0.02621781588573007,0.03392088390153588,0.054543547213304504,0.1944848830628919,479.7024744874069,0.0679494720362128,0.024598716483216477,0.03217570890582729,0.05255384687294946,0.19188918393485174,14656064,229000,0.0019507969761034469,0.0016190993810625627,0.0017451749874539421,0.001989700343688461,0.0025956991054620674
0.2905129146217014,0.07067796541005368,0.027080252172216115,0.03488810243262476,0.056115411077119856,0.19222744960795923,479.79347061253446,0.06852997169643636,0.025128826854814663,0.03292428801866074,0.05389168226784986,0.18971969156659785,14720064,230000,0.0021479937497060767,0.001951425326833917,0.0019638144390064995,0.0022237288134002216,0.0025077579793020693
0.40647442929422145,0.07602234376966958,0.03169615355777729,0.040363101049995076,0.06189035851208614,0.1998454261595087,479.9958362903355,0.07275339893251678,0.02873960713242593,0.03698884375593626,0.058613579700396816,0.19622766573805783,14784064,231000,0.0032689450250472877,0.0029565464197070877,0.003374257288669439,0.0032767788446300267,0.0036177602833942237
0.25967034381069365,0.06914644961804142,0.02671794040829136,0.03432580056914913,0.056163506481345105,0.18725590494843125,480.0821088318745,0.06734932908043273,0.025138531922745747,0.032709569247104074,0.054324512694535636,0.18501432572854273,14848064,232000,0.0017971205726498764,0.0015794084862326891,0.0016162313141281988,0.0018389937908878191,0.002241579162869865
0.2532981617113289,0.06716857926920058,0.02633129191070333,0.03330827685538057,0.054169551550531915,0.18399758479460618,480.1034241933577,0.06540953989326945,0.024722775410587188,0.03167909501877762,0.052475288561598714,0.18177666561190942,14912064,233000,0.0017590393762802706,0.0016085164964992132,0.0016291818622198642,0.0016942630022841632,0.0022209191037036295
0.26676632264481087,0.06856924034468809,0.02598638193976075,0.034444111653601193,0.05434369855799735,0.18765292604145073,480.1419384826622,0.06673329921811798,0.0244015879050283,0.03263124730053632,0.05254494601339686,0.18536443331497382,14976064,234000,0.0018359412688296287,0.0015847940202336098,0.001812864327064969,0.0017987525380907794,0.00228849267128008
0.2780046851374918,0.07046861554682253,0.026667507216668256,0.03312637157666602,0.05514210060154372,0.19520397938881595,480.20052796941565,0.06853014874458334,0.024895453440518286,0.031401782291033076,0.05325880366836786,0.19272465750207496,15040064,235000,0.001938466964871625,0.0017720537719187724,0.0017245892873696779,0.0018832969337496902,0.002479321923427741
0.2837110793545042,0.07016382547467956,0.026870501118937896,0.033529198553097474,0.054442077587901226,0.19453444540782652,480.2700175047596,0.06819066534936419,0.025122439132417688,0.03189204268373464,0.05249690835548498,0.1918485259887917,15104064,236000,0.001973160087480209,0.0017480619985048244,0.0016371558756976328,0.0019451692276085376,0.0026859193771369264
0.27435764426871,0.06936985890939827,0.025922435404793047,0.03368813177310126,0.054731235910849906,0.1911224712306039,480.33696744755224,0.06747455626353617,0.024280941164779597,0.03198629498698079,0.05284977219066357,0.188638448006419,15168064,237000,0.0018953026161761942,0.0016414942336757995,0.0017018367795772432,0.0018814636827244296,0.002484023218752992
0.2710391954906132,0.0691472447998819,0.026170342873746213,0.033527472171784194,0.055059477616163456,0.19071449682730884,480.41033814943756,0.06722790470719339,0.02448413984542252,0.031801009533852335,0.05320459668895638,0.18815393259044583,15232064,238000,0.001919340188789646,0.0016862030353100223,0.0017264626506865919,0.0018548809356573794,0.0025605642321020936
0.27347553922125567,0.06886447880044574,0.026157702117383483,0.033260643086815145,0.05547694955053229,0.18920589674635344,480.4846334788808,0.06682775829359879,0.02439848112936318,0.03149022005677259,0.053358426543239586,0.18660673081483217,15296064,239000,0.002036720621574204,0.0017592209875151445,0.0017704230287156984,0.002118523028966266,0.002599165967298926
0.2715220122743054,0.0700560062266888,0.02619883605494606,0.03334840413901965,0.05438833633912177,0.19618260336403148,480.5576716822169,0.06812444830685851,0.02448438358825582,0.031666799553209064,0.05243658865241993,0.19370475985215846,15360064,240000,0.0019315579213434843,0.0017144524872214823,0.0016816045980656304,0.0019517476903136953,0.0024778435755913584
0.2695186793080784,0.07056301435455692,0.02641287434718352,0.03366831206563705,0.053960336336569464,0.1995015692507962,480.63187370581466,0.0686335141733289,0.02467519721930589,0.03199698679537867,0.05205200629297648,0.19698917179226555,15424064,241000,0.001929500168713274,0.0017376771235713307,0.001671325267105694,0.0019083300546480055,0.0025123975186134104
0.266065040460869,0.06949300384707764,0.025823086777788107,0.03374663634176818,0.05420413626714477,0.19247555142397824,480.70493205221203,0.06767164687439786,0.024263099055900853,0.032056394047203285,0.05243175422771648,0.19006325660753867,15488064,242000,0.0018213571853120812,0.0015599877251660952,0.001690242293118052,0.0017723820352278604,0.0024122949430776027
0.2642277753863109,0.06861467482149612,0.025713569106615708,0.03328537715218654,0.05514001392713562,0.18861958082531594,480.7731774591807,0.06665256085991851,0.02400188045629082,0.03139465502184146,0.053160797181668884,0.18623417167363682,15552064,243000,0.001962113885500003,0.0017116886524031212,0.0018907221380197582,0.001979216753264634,0.0023854090748269777
0.2628096228757262,0.06919120153784752,0.026351464790151942,0.0333893592090986,0.05427902096484017,0.19036359140566342,480.84370222319603,0.06727286344021573,0.02464306498815262,0.031551531543554695,0.05241477163686875,0.18797352249535057,15616064,244000,0.0019183381644543261,0.0017083998107500125,0.00183782767045809,0.001864249341702893,0.002390068895422409
0.2678023163558221,0.06879829576238991,0.025187166516165087,0.03297702146976292,0.054672984515992555,0.19067724017422505,480.92334999324754,0.0669371367096901,0.0236003348593403,0.031290231361158195,0.05281682562960679,0.18822625178394714,15680064,245000,0.0018611589692882264,0.0015868316466248803,0.0016867901080531975,0.0018561588800076005,0.00245098839476611
0.3874814634508274,0.07465865503251558,0.03185531286828183,0.03866216509159054,0.05859922792335337,0.19775386993831234,481.08351767770273,0.0712904826775195,0.028522441720925665,0.03519298056661701,0.05544425096297168,0.1941119138543036,15744064,246000,0.0033681722079054502,0.0033328711604911515,0.003469184557759417,0.0031549769655220628,0.0036419561212133675
0.27334231260976477,0.06976865263655782,0.027597187455111746,0.035840877881472714,0.05519626906159251,0.18679123472581155,481.2273855183709,0.06763269294053306,0.02565113896229815,0.03380405676936098,0.05313807162243848,0.18416301330537174,15808064,247000,0.0021359596165129945,0.0019460485016161762,0.002036821120039825,0.002058197429104422,0.0026282213980266087
0.25145270324432645,0.06839548614248638,0.02552247816872859,0.033625211945754775,0.05386793406793773,0.18822235041211985,481.24994391585426,0.06660875950008627,0.023975824989140297,0.03189642477222132,0.052158384013229246,0.18590583537912928,15872064,248000,0.001786726730584632,0.0015466531778004354,0.0017287871774763163,0.001709550046444509,0.0023165149298784073
0.2728499841342975,0.06903035398945218,0.02643798568932708,0.033448245204728146,0.054389670903350305,0.1916105664646994,481.3020022648749,0.06706948905810724,0.024605999359756096,0.03167601494021199,0.052481973424400814,0.18918352248901935,15936064,249000,0.0019608650862937794,0.001831986322033508,0.0017722302722977387,0.0019076974778213364,0.0024270439469937614
0.3019178828244042,0.070474984612316,0.027542600434964124,0.034102205441039285,0.05578076868812879,0.1936349655513716,481.36735239580366,0.06810225099697713,0.02555501586994757,0.03180085113573899,0.05333146875946578,0.19072576378674935,16000064,250000,0.0023727336242445733,0.00198758457367123,0.0023013543164134564,0.0024492999234549968,0.0029092019482036876
0.2992179874166343,0.07101142396405348,0.02804407111908502,0.03493407888132374,0.05651866247748705,0.1914726688910422,481.4949613518483,0.06855554657801999,0.025753846297030182,0.03270042281684052,0.05409705571512593,0.18850262101063492,16064064,251000,0.0024558771733427433,0.0022902248155186196,0.0022336560601638306,0.0024216067708749405,0.0029700477638274843
0.2969162277799856,0.07169628409296275,0.027999208670893373,0.03402102807700505,0.05640865827682548,0.19549316685483312,481.5697833021669,0.06939449088275441,0.025868531418041962,0.03210640299815516,0.05419008064757539,0.19243651630733277,16128064,252000,0.002301793261314739,0.002130677264488285,0.0019146250697742685,0.0022185776262543615,0.0030566507264106254
0.26515423275357863,0.06838961543515332,0.02663440179037997,0.03389253646378328,0.05444414124754189,0.18742377853125866,481.6118684559182,0.06644053706154225,0.024897454863094245,0.03203013683742402,0.052524894240216544,0.18502089422747384,16192064,253000,0.0019490783120272694,0.0017369469229528997,0.0018623996347888264,0.0019192470021099388,0.0024028842812794365
0.27144133819595023,0.06767728053033346,0.025935479561359966,0.03337617181120005,0.054898795942227,0.185801676194388,481.6656602538051,0.06565473661199211,0.024237275778264317,0.031490270198797,0.05280563905845024,0.18325269890704898,16256064,254000,0.002022544028644919,0.0016982037848481334,0.0018859016168875915,0.0020931568885230512,0.002548977371333945
0.2916452367416862,0.0701428405269981,0.027802850140276465,0.03380242153960839,0.05649902064945603,0.19030819292623607,481.7615154053226,0.06797055926546447,0.025853120172118323,0.03185563470337752,0.054256058380777836,0.18768110256342016,16320064,255000,0.002172281334293077,0.001949729975319581,0.001946786827601981,0.0022429623230032897,0.002627090464449678
0.2658235726681862,0.06942653105780498,0.026179308016933064,0.034201716612180064,0.055426464599730954,0.19108341738485993,481.84762707830254,0.0674706575646996,0.024378760132068567,0.03254629974428969,0.05343146854044688,0.18865147483742983,16384064,256000,0.001955873650964351,0.0018005478797506577,0.001655416894564874,0.0019949960422475208,0.0024319425678343038
0.26807738787452573,0.06886271322518583,0.027082287173058182,0.03374765754543238,0.05516248974010443,0.1883949775219344,481.90184894863427,0.0668794690705835,0.025302248683797126,0.03190806671042106,0.05319033828019849,0.18594215738576697,16448064,257000,0.001983244228817058,0.0017800384947655012,0.0018395908451149955,0.0019721514284059146,0.0024528201267619617
0.2839731268089109,0.06911865906417358,0.026830148369710406,0.03400676385967217,0.05513643425681105,0.18708565921609022,481.97353883012175,0.06711192572861902,0.025047171015037877,0.03219853934320065,0.05318055590165435,0.18447653986952442,16512064,258000,0.0020067333500483064,0.001782977349413353,0.0018082245071084128,0.001955878322956277,0.0026091194255199565
0.2776184349502902,0.06964228615164755,0.026452452997055332,0.034031853745950975,0.05546822861255351,0.1909579075689502,482.09955388690184,0.06748827194795017,0.02455519167396734,0.03209345416023322,0.05339845012602567,0.18807884608510833,16576064,259000,0.0021540143676684214,0.0018972613258763568,0.0019383995621054472,0.0020697784779741806,0.002879061497575373
0.2723993198763656,0.06777743379771685,0.026965871020467932,0.034436331562610605,0.05517254624520556,0.18054586719224622,482.1548718595472,0.06586480724066494,0.025195086333485626,0.03263213493667388,0.05329703169943665,0.17825862955284913,16640064,260000,0.0019126266595558272,0.0017707847099239081,0.0018041966266633034,0.0018755145575233458,0.0022872377252234986
0.2687655171874789,0.06826429544761795,0.02576946383724534,0.0329668226109914,0.054588917182028365,0.1885518143966456,482.21295223804555,0.06633729797601702,0.024031717397905973,0.031214240192906466,0.05266983267657078,0.18615082329237645,16704064,261000,0.0019269976335926906,0.0017377464294837464,0.0017525824225274051,0.0019190845141774317,0.0024009910699144058
0.26385993437586025,0.06793304107710726,0.026312893943612647,0.03356848531164177,0.05451757799846989,0.18442599620894784,482.26636165516004,0.06607031556963916,0.024635503620097473,0.03186533539486411,0.05267903111850333,0.18209131037876464,16768064,262000,0.0018627254430321036,0.0016773903239653547,0.0017031499157383811,0.0018385468674425658,0.0023346858103467133
0.26269935148947116,0.06896805997937917,0.026078906051722053,0.033351546536262655,0.0542676269265792,0.19148229254880983,482.33030129599,0.06709057973697771,0.024360709761069993,0.03170804889366886,0.052391832676108856,0.18912924272150514,16832064,263000,0.0018774805181892556,0.001718196296990814,0.001643497639058381,0.0018757942605587433,0.0023530497410229477
0.2654933366066056,0.06825279653072354,0.026172844978377165,0.03363529585793951,0.054100502237385655,0.18718355399901734,482.39553402566753,0.06629707298800366,0.02438536126132878,0.031835034153900835,0.05216693890047992,0.18478773721936015,16896064,264000,0.0019557236630935193,0.0017874836945811583,0.0018002617020249942,0.0019335633224906177,0.002395816803431231
0.2578632042866613,0.06839941367134435,0.025929869575222825,0.03302964600942331,0.05418869364992511,0.1894707025214424,482.46523588796606,0.06652945785596964,0.0243357903142957,0.031425686152072856,0.052384909268791954,0.18681718678818254,16960064,265000,0.0018699557296349661,0.0015940792731591862,0.001603959850568634,0.0018037843795492914,0.0026535157624849376
0.267033875319403,0.0678839568383992,0.025600485879604066,0.03334152073249526,0.05461227945760093,0.18560679198073918,482.5394932197917,0.06594974098727113,0.023977444005702404,0.031540363876336915,0.05272097000735942,0.18301054755631962,17024064,266000,0.0019342159781954237,0.0016230418716936096,0.0018011568793224208,0.0018913094622420633,0.002596244415696887
0.25206927439333926,0.06755132115259747,0.025795048075770852,0.03267413266827276,0.05393166820430716,0.18653580107116993,482.6026265744214,0.06572288041189318,0.024176824562384555,0.03107177965296276,0.05209428467321872,0.18417690412146254,17088064,267000,0.0018284406972816213,0.0016182235078249546,0.0016023530135507173,0.0018373835376784605,0.002358897088648672
0.2775062348355351,0.07027942860871554,0.026570627723758393,0.03352798030499491,0.055129883288100937,0.19369699971054588,482.69922559798374,0.06816346127167346,0.024685614434371537,0.031709783478213356,0.05303921444540405,0.19090798873372425,17152064,268000,0.0021159675719682127,0.001885013282616823,0.0018181968394364383,0.0020906688241613975,0.0027890108916731374
0.30778806707297585,0.06935607524961247,0.027679377746595856,0.03553184443692125,0.05636776285866072,0.18669193456608046,482.79735520143294,0.06667054815590388,0.025487396836789026,0.03266930106354329,0.05366281948661391,0.18347142974392378,17216064,269000,0.0026855271840467983,0.002191980917863838,0.002862543385134314,0.0027049433682348155,0.003220504698926748
0.31616106913573183,0.07253949396312231,0.028594335082736108,0.037170189442444074,0.05839994277640383,0.1961251277881841,482.96011408176776,0.06937229492515314,0.02601125062871005,0.034220637513408814,0.05495632624706521,0.19227108702084253,17280064,270000,0.003167199200193863,0.0025830844521781146,0.0029495519586048304,0.0034436164969379973,0.0038540407319363314
0.27905652609820636,0.06937656200304622,0.027301025817001372,0.03385325199267575,0.05520114832850515,0.18788260503769877,483.0340354872314,0.06708813656121486,0.025349525262563417,0.03206498990168669,0.05308587765718543,0.1843415965701508,17344064,271000,0.0022884255651151723,0.0019515005495487738,0.001788262083311915,0.0021152706717644442,0.0035410083216490702
0.28095904270872946,0.07084174585342408,0.027918446602244296,0.034803078583712475,0.05653655368775266,0.19371897448215294,483.106898873537,0.06832909049466268,0.025709292941715714,0.032462094554996816,0.05414555025816918,0.19038959220167342,17408064,272000,0.002512655350437855,0.002209153661691907,0.0023409840151703896,0.0023910034227533367,0.003329382283285559
0.2682630141047904,0.06963988859578968,0.027467369576228442,0.034568875567427555,0.05590213951192407,0.18868398356371638,483.1716204178582,0.0675277871191503,0.025659742066242143,0.03261472358522387,0.05383451310797786,0.18589008948819363,17472064,273000,0.0021121013442752913,0.001807627525521573,0.001954152005105283,0.002067626424374269,0.0027938939997179603
0.2795941987693595,0.06933421983197335,0.02648515159988501,0.03420103065419929,0.05508631782865842,0.18939908522712587,483.23199482627894,0.06719687782973043,0.02466967250424529,0.03221089559791747,0.05308054510605759,0.18643846191083463,17536064,274000,0.0021373418942675936,0.0018154790930109323,0.0019901350258161744,0.0020057727399237,0.002960623403718237
0.35945016258458135,0.07344852991029595,0.029732949537454357,0.036623917998620296,0.057850725298435796,0.1987830965714831,483.4081947434129,0.07036369593441484,0.026985344075499972,0.034152441678130335,0.054971949963830036,0.1942740956315623,17600064,275000,0.003084834062028669,0.00274760547157855,0.002471476324248115,0.0028787753043151743,0.0045090009723599556
0.28506567573364994,0.06991017878800641,0.028403529566439552,0.034738734773051345,0.056357321478633586,0.1872895141163649,483.4691808432396,0.06750789698213318,0.026151032890303127,0.03262503161330779,0.05389486730193097,0.1844660943605414,17664064,276000,0.002402281966933513,0.0022524966808605998,0.0021137031420032865,0.0024624541866882055,0.0028234197087727716
0.2826788074838209,0.06896051646769048,0.027950484062290712,0.03365780773796009,0.05584360690772998,0.18402462032612005,483.55150715076405,0.06689766056463142,0.026177597198945163,0.03190907127077775,0.05371882663833899,0.1813191273143006,17728064,277000,0.0020628556559095213,0.0017728868643812252,0.0017487364618648067,0.0021247802819610974,0.002705492994946949
0.26424683430434925,0.06819718526676291,0.02701572501285301,0.03436991975779366,0.05471239700172979,0.18480336743851497,483.5936428939597,0.06622546762973072,0.025208355919925804,0.032668438321246364,0.052763232431308496,0.18227913106233787,17792064,278000,0.0019717175153782527,0.0018073690958674716,0.0017014814510852732,0.001949164580605702,0.002524236407714778
0.25137225118893497,0.06773379277065396,0.02623619273600455,0.03312574027653614,0.05511283651188447,0.18376474509964935,483.6308686902707,0.06589325796812776,0.024521225329642193,0.031573460714997476,0.05331329547382418,0.1813844927125478,17856064,279000,0.001840534847055098,0.0017149674277940523,0.0015522795808676252,0.0017995410498795248,0.0023802524043927808
0.29023970584487396,0.07011464112624512,0.026973851742843603,0.03500366665532094,0.05592111881302803,0.18978879933010806,483.70885955119155,0.06784592207893746,0.025043782324251113,0.03293615054721317,0.053675664620862595,0.18678400108464385,17920064,280000,0.0022687191294389775,0.0019300694243740812,0.0020675161073031093,0.002245454197981329,0.0030047982457674085
0.2604030767561183,0.06987921279296291,0.02655689672850839,0.03378398361705461,0.055743716229521345,0.1917204821542731,483.79447953192425,0.06790967995300887,0.024817195536534147,0.03211976787251175,0.053747992693349664,0.1891419334883247,17984064,281000,0.0019695329281967156,0.0017397011915429102,0.0016642157582152507,0.0019957235358225365,0.0025785486158309413
0.2681571462635043,0.06879187543317686,0.026599322130923572,0.033718982661666,0.055469526046292274,0.18788522473161406,483.8459282943551,0.06670515933446584,0.024893671827428354,0.03185769214770632,0.053410213229633234,0.18495286129311841,18048064,282000,0.0020867159162880865,0.001705650301851351,0.0018612904852471142,0.0020593128250056113,0.002932363421093315
0.24814887000652522,0.0673196233287454,0.02622105258766672,0.03346676816941648,0.0540796196868228,0.18293082776190892,483.881297407618,0.0655412591621278,0.024676150776423333,0.031947326815402556,0.05221798396013999,0.1806635470374072,18112064,283000,0.0017783641264541082,0.0015449018208140563,0.0015194413496199277,0.0018616357189053037,0.0022672807501429087
0.25494631148579433,0.06851591698825345,0.025386143335397383,0.033294284669273706,0.053951245364132816,0.18990777357697877,483.93457520250564,0.0666826045736673,0.02377969630630492,0.0316755681951266,0.052121238793452165,0.1875159700623177,18176064,284000,0.0018333124744240158,0.0016064470180527563,0.0016187164813384219,0.0018300065688524655,0.002391803528324814
0.2716157604711548,0.06874190728366371,0.026358117019739825,0.03332099353070722,0.05532312168080189,0.18642336027273726,483.9957609089191,0.06673464043252174,0.024555253270150335,0.03153089621597588,0.05322930861806389,0.18402868931488414,18240064,285000,0.002007266937813254,0.0018028637542787742,0.0017900973235306127,0.0020938130636391486,0.002394671019142423
0.258284604330267,0.06862036430463207,0.026796697308412835,0.03303021200171119,0.05489630961490374,0.18864565876862296,484.0640502121962,0.06666566430777321,0.025051075240710263,0.03119663172058826,0.052969428581345214,0.18621065766563388,18304064,286000,0.0019546997504658052,0.0017456220581322172,0.0018335802849403092,0.0019268810348735817,0.002435000963836915
0.257542013727207,0.0682855485826733,0.026079702709257368,0.03255468515050391,0.05420956437939594,0.18761100822399307,484.1330822416209,0.06633857324719433,0.024496433234727527,0.030929260661834632,0.05223325559799923,0.18484708183970958,18368064,287000,0.0019469754621386484,0.0015832694674374154,0.0016254244930872536,0.001976308805929145,0.0027639264062337657
0.25845511727475323,0.06840973825380202,0.02593896032089769,0.033263600877929726,0.05338860015154031,0.1893099985141593,484.19663081844317,0.066645354256034,0.024413178031938366,0.03168328375064521,0.05168848471125327,0.18690972636603903,18432064,288000,0.0017643839166266856,0.001525782280800509,0.0015803171372194358,0.0017001154359635728,0.0024002721229191733
0.30917665924979976,0.06768283861689245,0.026287421603733815,0.03283148798630948,0.05378350313045406,0.18579090181372052,484.2614628162098,0.06567510854080319,0.02439142022487171,0.031118587387027257,0.051837180779618054,0.1832276415019015,18496064,289000,0.002007729839358942,0.001896001397304306,0.00171290059717025,0.0019463223559829073,0.002563260022014121
0.26941782467024755,0.06860440035164363,0.027161714627466027,0.03371986494285651,0.055041154048924845,0.18676381842231554,484.37789400823243,0.06663065166026365,0.025336071506707514,0.031953024389316534,0.053073566937919966,0.18434916899663858,18560064,290000,0.0019737487668753623,0.0018256431257487513,0.001766840556281447,0.0019675871021824975,0.0024146493970773368
0.2428416732157187,0.06753218628466132,0.025043463205400907,0.03268995751459663,0.054209598585418024,0.18678509741656746,484.43031880129934,0.06583964267745601,0.02364389999838764,0.031070676389957554,0.05251107108546895,0.18458827668146177,18624064,291000,0.0016925435822922733,0.0013995631954707875,0.0016192811317493195,0.0016985275129792064,0.0021968208247872623
0.2541919876520947,0.06854100182838761,0.02587643817454024,0.032941868807280415,0.05386541749063981,0.18803678354551862,484.48924125230343,0.06674818061850973,0.024365426574515594,0.031410058254465446,0.05210879544573416,0.18551905957752368,18688064,292000,0.0017928213583072651,0.0015110116132379915,0.0015318105565559708,0.0017566220495170157,0.0025177240379652688
0.25136131389732747,0.06700877983868139,0.025324129464391346,0.033438088700725135,0.05347020586256371,0.18324886222510564,484.55131836312785,0.06515997271239767,0.023738166857907576,0.03172111958286907,0.05165990748134265,0.1808168571839186,18752064,293000,0.0018488071873434806,0.0015859625948960816,0.0017169691040478732,0.0018102983760884374,0.0024320049393956795
0.2668583489548356,0.0675700903236866,0.026352928108721117,0.03307186213888,0.053243676340070094,0.18638998799365308,484.62530096918096,0.06553105920553202,0.02449388731094478,0.03117183404019775,0.05131721341413787,0.1837683534410061,18816064,294000,0.0020390311063965766,0.001859040795309392,0.0019000280959014734,0.001926462925104633,0.0026216345897345492
0.25887768767718006,0.06780132800713187,0.025924901010969555,0.032805531008472465,0.05456797427980022,0.1861633634665645,484.6935707498637,0.06584199249371898,0.024282517319019058,0.03106238977651789,0.052473437712242624,0.18371164443762242,18880064,295000,0.001959335374296647,0.0016423836944747597,0.0017431412269591766,0.002094536560472316,0.0024517191381932106
0.24794850614580463,0.0670538109056651,0.025588849077658956,0.03239305393735528,0.05354736621331766,0.18343830520990054,484.7581460909748,0.06528322865068899,0.023984746825674638,0.030853386257825372,0.05178621330332278,0.1811747955462127,18944064,296000,0.0017705822894931757,0.0016041022659341233,0.0015396676880035135,0.0017611529023273955,0.002263509781421488
0.2548448212045402,0.06840569354221224,0.02553456892689437,0.03314324824387896,0.05380402674825787,0.18770345487062362,484.8347537005895,0.06659968857094628,0.023956285785304312,0.03149603854751175,0.05203618664420069,0.18535011212804345,19008064,297000,0.0018060051350039408,0.0015782831371064503,0.0016472096922850383,0.0017678401014766937,0.0023533427243678847
0.2602798582701999,0.0668995373770593,0.02582458173335279,0.0327972985125681,0.05396108853335224,0.18262261138454117,484.9071793317233,0.06492341101169584,0.024097209001757543,0.031045362599948213,0.05203750855310783,0.17996708567820918,19072064,298000,0.0019761262430693055,0.001727372742511636,0.0017519359140307277,0.0019235799865510448,0.0026555256439744117
0.25141776428900003,0.06779355301335459,0.025682868465968556,0.032558938122291305,0.05388972889385855,0.18640450720166457,484.98585804187434,0.06594774242490532,0.02395897329496881,0.03094603397818917,0.0520646019587724,0.1841142280643968,19136064,299000,0.0018458104496821767,0.0017238951674377328,0.0016129041450561692,0.0018251269183521364,0.0022902790217662204
0.2535858975342445,0.06794474541395887,0.025755446824836728,0.0326783909272305,0.05363911581696234,0.18864852820976022,485.0475544124167,0.06614327417686594,0.024169681631330868,0.031084300405005993,0.051848522619290884,0.18629533194949088,19200064,300000,0.0018014712486765355,0.0015857652046467083,0.0015940905138310112,0.0017905932166262962,0.0023531963913579093
0.2454364773727394,0.0673157604821026,0.02511013653605712,0.0325104295485764,0.05343977093354726,0.18698772270429595,485.1162955686448,0.06555106727778906,0.023637264682736685,0.03096499740085725,0.051623316759745526,0.18464328068542246,19264064,301000,0.0017646933844080196,0.0014728718548569744,0.001545432150265629,0.0018164541669819065,0.00234444202460611
0.24324454636999263,0.0671183029040696,0.025083010918609195,0.03212015407181296,0.05309190923256397,0.18741065564469278,485.18356228763855,0.06538081159628925,0.023578372256161422,0.03066792802781521,0.05131558476003201,0.18509044308854322,19328064,302000,0.0017374912151135488,0.0015046386761989965,0.001452226033603502,0.0017763244572394535,0.0023202125147504193
0.25419281986282355,0.06776665884628882,0.025887152996446377,0.032620828180613015,0.053332719989705554,0.18832681271886265,485.25449531954695,0.0659327008537948,0.024146620072384252,0.03100933281508935,0.05155557578781392,0.18604032257161712,19392064,303000,0.0018339578826562506,0.0017405329290281167,0.0016114953565661725,0.0017771442159171058,0.0022864902535480454
0.2443533402280447,0.0667457085885107,0.02541210336833586,0.03301522078946289,0.053732749494559556,0.18102201711011942,485.3350256394426,0.0649936630278826,0.023881337354342867,0.03138384668495167,0.05197405319621234,0.17883144326934855,19456064,304000,0.0017520455519552342,0.0015307660198329832,0.0016313740856310015,0.0017586962948955228,0.002190573711814028
0.24043021882394996,0.06633752516284563,0.025112294718107896,0.033340243088533464,0.05263078470871241,0.18193231555952571,485.399893140302,0.06456020570173848,0.023513509935529087,0.031618673263126354,0.05092896254968042,0.17971834558739794,19520064,305000,0.0017773195389891086,0.0015987847916563696,0.0017215698414477032,0.0017018221771657027,0.0022139701290566287
0.2844013203729171,0.06935617222450659,0.0273551600810955,0.03494989502038237,0.05630428255733964,0.1867500110495567,485.51350341490354,0.06670624286867652,0.024894386796813217,0.03241116496302936,0.053605051261623966,0.18377670111108524,19584064,306000,0.002649929265084214,0.0024607732845013824,0.002538730062293722,0.0026992313048743765,0.0029733098660159043
0.2578735104761996,0.06886125935614108,0.025677134299620114,0.033008932193243114,0.05407957845892994,0.1897246831027712,485.5915171926096,0.06700923761352905,0.02404556726176405,0.0312981957851375,0.052204798723374454,0.18744253698692934,19648064,307000,0.0018520215813186951,0.0016315670193423342,0.00171073639343769,0.0018747797226779316,0.0022821461232006165
0.24292969564901315,0.06652085192874084,0.02589829021589503,0.03227985308826079,0.05355093564872715,0.18195797023885954,485.64787154868804,0.06474085181206472,0.024265239709329395,0.03064514160200337,0.05184012978774847,0.17970527449068638,19712064,308000,0.0017800000749994072,0.001633050507366375,0.0016347114763986567,0.0017108058635618168,0.002252695710087432
0.24073984529037643,0.06674094239249818,0.025436956103697943,0.03228838794167585,0.053408671871194184,0.18249022871444798,485.70082108866876,0.06499953763931982,0.023891492650122182,0.03081354249116115,0.05160083863012937,0.18029174812309642,19776064,309000,0.0017414046349003894,0.0015454634476551605,0.0014748454791905178,0.0018078332599446776,0.002198480591217145
0.24833420473299603,0.0672635732162743,0.025160109099930283,0.03216526235859342,0.053674529023540196,0.1849160250279762,485.77856839280787,0.06550042176619186,0.02364073717049805,0.03060772274278323,0.05191413390929979,0.18258096826991183,19840064,310000,0.00176315139664803,0.0015193719193029886,0.0015575396209321676,0.0017603951468277829,0.0023350567348738764
0.2494912479952307,0.06711539801582682,0.025583565186604085,0.032029165342644376,0.053180280678308704,0.18614279517162557,485.845474754562,0.06530770144425332,0.023949332904158675,0.0304438234086485,0.05138976024750232,0.18382307719096355,19904064,311000,0.001807696792879142,0.0016342322940115968,0.0015853419174621554,0.0017905204372212046,0.002319717876096462
0.2490397779754272,0.06793571559712283,0.024823902974758137,0.03236548155878099,0.0536008597096261,0.19032303345663315,485.9206927084142,0.06619757125526664,0.023287052465243985,0.030847486837488468,0.0518799941384977,0.1880331722224396,19968064,312000,0.0017381444736965952,0.001536850502490257,0.001517994726420744,0.0017208655534427556,0.0022898611712934575
0.25212057272289595,0.06667534548044211,0.02534336442765764,0.03237720312300197,0.05323677747505784,0.18407116145464683,485.9963481919062,0.06487400298379363,0.02369997123414887,0.03079553812661472,0.05146518614276552,0.18176430716271003,20032064,313000,0.001801342427905181,0.0016433932052264224,0.0015816650052650526,0.0017715913356295813,0.0023068542659904537
0.24421894308673134,0.06645892862230536,0.0252563161942173,0.03204154073273678,0.05314061975113829,0.18322056124231562,486.05696462664025,0.06468681056797511,0.02370790256895397,0.030513952759649212,0.05134186955430287,0.1809054965784821,20096064,314000,0.0017721180402440985,0.0015484136228820391,0.0015275879791009517,0.001798750164968882,0.002315064576272934
0.24885291206043195,0.06602041688933986,0.02490085403430605,0.033150181554083995,0.053054771025150896,0.17932138091841135,486.12499034686584,0.0641787591315806,0.023346028451477402,0.031364596498247,0.05121081528058421,0.17699994106768205,20160064,315000,0.0018416576478630302,0.0015548255746515847,0.001785585033736733,0.0018439557316451693,0.002321439912454247
0.2489298389479334,0.0670662862285972,0.02546311113752075,0.032326333040852105,0.053333548803248525,0.18448343819031043,486.19597150867395,0.06523479085043082,0.02388705083584472,0.03067585130856215,0.05147379984243639,0.18213219485130577,20224064,316000,0.00183149534376571,0.001576060287347185,0.0016504817397320856,0.001859748943822725,0.002351243308774609
0.24368305917918126,0.06639404471963646,0.025133116197074052,0.03191636616115767,0.053305613356355294,0.1822691579737158,486.26982092495734,0.06461771852895629,0.023649854241601112,0.030382966248998725,0.0514829048495062,0.1798784637328471,20288064,317000,0.001776326342253015,0.0014832619510225429,0.001533399914374259,0.001822708512174137,0.002390694248063871
0.23955504907488814,0.06630027229711398,0.024479684444888,0.0332231476203558,0.05261057197451984,0.18169504712190046,486.3378209375264,0.06453089598566293,0.023032907106615805,0.03153578529314445,0.05087094819614866,0.17932067210050917,20352064,318000,0.001769376197131351,0.0014467773267782629,0.0016873623302406404,0.0017396237772522281,0.0023743750728440647
0.24580187801233166,0.06711233627796158,0.024962341985534365,0.032051922494885775,0.054471127586456336,0.1845161400198714,486.4161931867799,0.06529636819660674,0.02341381721927596,0.03049457061810003,0.05260621459261883,0.18211546044334073,20416064,319000,0.00181596791796619,0.0015485247629675061,0.0015573518925670563,0.0018649129754272117,0.0024006796204988743
0.24560567778469256,0.06604931069910518,0.025034638972461852,0.032287937956552284,0.053318355464317194,0.18031372160535866,486.48189579332734,0.06420757685229177,0.023463988104632023,0.030455995136507392,0.05153296779277703,0.17797125127344562,20480064,320000,0.0018417340107262162,0.0015706508712482394,0.0018319428007758567,0.0017853876629200104,0.002342470378658978
0.2432643663763764,0.0661981936469672,0.02470566903362174,0.03172281474936946,0.0535111074810847,0.18197382572921586,486.56337053959794,0.06444376602023844,0.023214247596362987,0.030195623441440157,0.051735124735063844,0.17962829905906189,20544064,321000,0.0017544276097323744,0.0014914214322852902,0.0015271913063046093,0.0017759827293144128,0.002345526680270918
0.24313751558479973,0.06642798335850247,0.024806864205743042,0.03164098230655801,0.05289674907346203,0.18294385005960276,486.63611783352763,0.06468565495498478,0.023357239301041104,0.030130200430123644,0.051142460128412365,0.18055461018889926,20608064,322000,0.0017423283576499646,0.0014496249109323975,0.0015107818743181835,0.001754288918757372,0.002389239883863271
0.23759293434759002,0.0660767078585924,0.024563434007628514,0.03190502685464353,0.05309210017576766,0.18445889525665568,486.7074761141396,0.06438394964113808,0.023145092017680922,0.03044521330589085,0.05137239759695003,0.1821481401115375,20672064,323000,0.0016927581185009338,0.001418341995372468,0.001459813551295434,0.0017197026148055626,0.002310755080349895
0.24015236583547642,0.0659051887765527,0.025585199037098223,0.0322581425588504,0.052753749203012186,0.18184644255951363,486.782406771432,0.06411517042294165,0.02393523667719103,0.030734323057765942,0.05098761066086656,0.1795361711423633,20736064,324000,0.0017900184039026487,0.0016499623518438228,0.0015238194991485205,0.0017661385545560506,0.0023102714608113106
0.24366626321567444,0.06640244613960387,0.024968884137080212,0.03237882100630312,0.05252078441472231,0.18258498841526055,486.8491758268372,0.06469101434946062,0.023454000951577382,0.030884418088124924,0.0508074938838336,0.1803677013175794,20800064,325000,0.0017114318209351007,0.0015148831880911395,0.0014944029180624888,0.001713290547405077,0.0022172871658168816
0.2481872917595052,0.06626756827533231,0.024558321440037206,0.03254799750969422,0.05292248780532648,0.1826729086864392,486.9226526184615,0.06445095377042902,0.023025705253305037,0.031015175030869795,0.051103291962507236,0.18014757627899844,20864064,326000,0.0018166144601418628,0.001532616183508936,0.0015328225049527442,0.0018191958229396,0.002525332346429583
0.23671768972196408,0.06647554391995081,0.024454335769105325,0.03270252479938289,0.052265637128236106,0.1820405327416407,486.99182539327137,0.06476169475726792,0.023022302554245234,0.031119727046865633,0.05056056862391578,0.1797698722788911,20928064,327000,0.0017138489529024785,0.0014320332221616837,0.0015827977522151699,0.0017050684980549461,0.002270660451058788
0.24587670389706506,0.06667319807782769,0.025055487384598136,0.03234969700301927,0.05243350131914031,0.18370599795865641,487.07159099577495,0.06481296493858098,0.023275723117753246,0.03067868956064743,0.05070709006412169,0.1813398584517302,20992064,328000,0.0018602333808667001,0.0017797642634554385,0.0016710074366744698,0.0017264112538469384,0.0023661395501988177
0.24243967125203,0.06558456941321499,0.02509698319281538,0.03231541083678187,0.053449573506588466,0.17747014552554952,487.147141713205,0.06378599954023943,0.023511782498550588,0.030653429723501303,0.051675409482404525,0.1751795239673025,21056064,329000,0.0017985699528362598,0.001585200684353378,0.0016619811038604728,0.0017741640490043379,0.002290621487078875
0.24168139597862,0.06605456339195359,0.025249494676591325,0.03287500474794861,0.05260143187794024,0.17974324325283028,487.2277085824162,0.06418016704171894,0.023549371524023692,0.03121158006805847,0.05071889888110309,0.17741278737990496,21120064,330000,0.0018743965495377738,0.0017001231438824008,0.0016634246798434512,0.0018825330041292512,0.0023304559077606947
0.2366137818861168,0.06511259427480412,0.024479770387307094,0.03173258381528671,0.052580282603917235,0.17944298125283906,487.29618087519566,0.0634005622919648,0.02292906671632976,0.03026924693780154,0.050869379719118125,0.17723516808188353,21184064,331000,0.001712031982839109,0.0015507036682667285,0.001463336850995209,0.0017109028836418613,0.002207813139568794
0.23478335804026754,0.06551010427251448,0.0244965821105617,0.03221302604945456,0.0524538184676831,0.18056299582932475,487.3695365634288,0.06383182924240838,0.023063943308616188,0.030691006453225613,0.0508152745230343,0.17829693750193698,21248064,332000,0.0016782749239355338,0.0014326388055653624,0.0015220196036758442,0.0016385439362739888,0.0022660583376626032
0.24351427878158685,0.06596819710358964,0.02507745521760634,0.03243751700156749,0.05325090300354249,0.18088760799828793,487.45013315967594,0.0641749581843615,0.0234790330076711,0.03083522388044635,0.05147140671484139,0.17858579229597962,21312064,333000,0.0017932391623035064,0.0015984222163945522,0.0016022931207131954,0.0017794963062194964,0.00230181571464869
0.24374051125894766,0.06553843149170277,0.02440429880912519,0.03306279496737161,0.05305197708444861,0.18115443698611422,487.5164356292565,0.06371541026234631,0.022922123925023817,0.03131912225252673,0.05121383401530891,0.1787517318044417,21376064,334000,0.0018230213515926165,0.0014821748598087437,0.0017436727178667237,0.001838143091166561,0.0024027051427445057
0.24533690271009526,0.06660717397555725,0.025325294153639873,0.032844060136041145,0.05326168937102668,0.18281811995299768,487.59654185885137,0.06472126008197666,0.023784632308230375,0.03112158271263092,0.05141998926023434,0.18018027841440443,21440064,335000,0.001885914125537967,0.001540661840632823,0.0017224774534230116,0.001841700100475282,0.0026378414296991466
0.23889867019429356,0.0657309642061591,0.024766087457118953,0.03184642393797453,0.052307327579767984,0.18159022838033617,487.65757445696113,0.06398650612123319,0.023194480786183903,0.030282214879356215,0.05062906969894857,0.17930484822040263,21504064,336000,0.0017444581473246192,0.0015716066632962306,0.0015642090437683854,0.0016782578592006415,0.002285380096788237
0.23477221839289922,0.06511266840994398,0.024859555725653053,0.03189771568184256,0.05288956890464514,0.1789738235097573,487.7295165724628,0.06340682689473032,0.023448808613772493,0.030347644512086415,0.05116063643324965,0.1766929386649569,21568064,337000,0.0017058416524669152,0.0014107471162092165,0.0015500711674776009,0.0017289324843063887,0.0022808849508345387
0.24750719840945412,0.06559049851447349,0.02482228792015599,0.03217806536499487,0.05347811470995795,0.17744444975878623,487.80584373988603,0.06369912969507267,0.023156554269719985,0.030494080300784796,0.05165660542294434,0.1749076613537907,21632064,338000,0.001891368840704671,0.0016657336406524924,0.0016839850720747477,0.0018215092831313448,0.002536788249859022
0.2453279206450018,0.06525538488104933,0.025706869203765612,0.032641965468626646,0.05340769604536209,0.17646490884662752,487.9062965688397,0.06338014032691709,0.02401730819928453,0.03102458670187618,0.05158076540097069,0.17397098794719473,21696064,339000,0.0018752444371930277,0.0016895610018509118,0.0016173787620766865,0.0018269306532334338,0.002493920912856769
0.23888817761481754,0.06663776126131424,0.024951325096496904,0.0321443749295612,0.052225837411590766,0.18371743082387806,487.97072583921744,0.06489665393158806,0.023364615506958675,0.030617902436859613,0.050531337123616196,0.18146758826133177,21760064,340000,0.0017411072518443667,0.0015867095853910362,0.0015264724876641908,0.0016945002800391245,0.0022498425097891464
0.2413801584008361,0.06605077784508447,0.025028122443495605,0.03176954684977139,0.053577463197405695,0.18154741916102773,488.04455434427564,0.06435804835706947,0.023589755718671813,0.030341552072073386,0.051914576012940944,0.17915714265404883,21824064,341000,0.0016927293790504352,0.0014383667249635952,0.0014279947840188645,0.001662887185320419,0.0023902763953525573
0.23108589210525177,0.06548023485392339,0.024297062202958145,0.03210087607696955,0.052179230659986045,0.17969887409210084,488.10149285922233,0.06378788521885877,0.02290025146625992,0.03050254422117776,0.0505349515876504,0.1773985643691418,21888064,342000,0.0016923495193477721,0.0013968107410528264,0.0015983318705432325,0.0016442790792014273,0.0023003095887346075
0.2356702495875608,0.0659105054140093,0.024259296905101126,0.03227337423874486,0.05243374868776784,0.18110007404378772,488.1599928046199,0.06418824118562044,0.022769902706690107,0.030632250851240574,0.0507357410449307,0.17891511806579782,21952064,343000,0.001722264257143251,0.0014893941958188026,0.0016411234102839173,0.001698007641498336,0.002184955906887534
0.2349116256636307,0.0663577662259341,0.024518887550190556,0.03219837867773263,0.053057528853052406,0.1830586246992248,488.2356888217255,0.06460676204040629,0.023020405974376202,0.030564545523888282,0.051276970652700794,0.18085697871442807,22016064,344000,0.0017510043493239205,0.0014984815686831206,0.001633833149649564,0.0017805581910001196,0.002201645963885728
0.23455353269700277,0.06454305947199486,0.02464501025511216,0.03156797626123431,0.05203842883349841,0.17874675547187036,488.30096377589996,0.06285009921155874,0.02324341698031018,0.03006687104070071,0.05028528270283562,0.17650212329694903,22080064,345000,0.001692960121727083,0.0014015932839239514,0.0015011052280587977,0.0017531461363923743,0.0022446322377920923
0.23602563085538203,0.06505665316060168,0.02467037640847122,0.032653635066123475,0.053151141552049766,0.17674368339813637,488.3698129452465,0.06328331357613205,0.023144727094963482,0.03100140433802928,0.05128606151661387,0.1746126089444196,22144064,346000,0.0017733397020492708,0.0015256493063149303,0.0016522306998929678,0.001865080031832222,0.0021310744353267024
0.24632307310066529,0.0661284124255182,0.024963022435508863,0.0322861957912143,0.05297563933860975,0.1794750829441956,488.4354991649355,0.0642266145944595,0.023210426776858712,0.030614577353254464,0.051086859312299206,0.1771073938127355,22208064,347000,0.0019017978367628545,0.001752595660358201,0.001671618435132148,0.0018887800344566652,0.0023676891687506993
0.2306455276895122,0.06475959178060298,0.024912447840532256,0.03134970961641417,0.05160913098274284,0.17765979793422623,488.501592550298,0.06305982582271094,0.023352104920923683,0.02991005553742563,0.0499394484168179,0.17544545332744296,22272064,348000,0.0016997659583576003,0.0015603429234010207,0.001439654099770363,0.0016696825802497734,0.0022143446564423896
0.2333527244186691,0.06547335727326578,0.02481847487351078,0.031836734770995676,0.0525953940353788,0.17837085045935558,488.56952308268774,0.0637711407523602,0.02331834173619092,0.030299102887830408,0.050894856262876806,0.17620335454728667,22336064,349000,0.001702216396399307,0.0015001331289708993,0.0015376318676419204,0.0017005377519918818,0.0021674960014517975
0.23241473793781142,0.06503053491376361,0.024606657340048008,0.03184974257368644,0.052392135480443414,0.17962027712618822,488.6443276289206,0.06336268467269837,0.023134192851718555,0.030379164060204397,0.050733566336041834,0.17744006580020608,22400064,350000,0.0016678500781417776,0.0014724644984773878,0.0014705785065269982,0.0016585691364538334,0.002180211313775491
0.236556329082185,0.06655780473724003,0.024440139442382484,0.03265403024643602,0.052585651729053544,0.18341323235621257,488.7273360539268,0.06473990708217028,0.022930255974911388,0.030981047989060404,0.0507537303792431,0.18101658259183137,22464064,351000,0.001817897681903553,0.001509883457923627,0.001672982263531479,0.0018319213369832345,0.0023966496607709126
0.23171141855490127,0.0657153980806469,0.024596699042311675,0.03138949337899494,0.05218469638247845,0.1815262764547124,488.7988896231041,0.064057900827378,0.023159113538441113,0.02990359672620979,0.05053378236157037,0.17935949103385368,22528064,352000,0.0016574973866227052,0.0014375855033945141,0.0014858966551600707,0.0016509140228933553,0.0021667855759574953
0.24151467251825492,0.06556788161955782,0.02470992786606732,0.0319563693050053,0.05303069498053146,0.17832595695013664,488.87053192520113,0.06367314609140136,0.022958475852419773,0.03024700484358266,0.051147341790808515,0.17601649844973336,22592064,353000,0.0018947356125572675,0.001751452012322027,0.001709364442882208,0.0018833531925766193,0.002309458497545736
0.2386087772673433,0.06631202665716424,0.024862519110101955,0.03223649368314191,0.05319844877324668,0.17986458216041434,488.9457802054844,0.06453817892447106,0.02327182129469138,0.030730910771367005,0.05140061749757423,0.17759187398308277,22656064,354000,0.0017738477166276403,0.0015906978219475422,0.0015055829018384838,0.0017978312500344035,0.002272708179787604
0.23918363963928982,0.06618443745002135,0.024792585086634417,0.03326087032272795,0.052279152473486114,0.18222434273973764,489.03211482640285,0.06441267824172951,0.023274127992454288,0.03145829231578166,0.05059593141857857,0.1799752862090268,22720064,355000,0.0017717591639957375,0.001518457100786911,0.0018025780275269581,0.0016832210723796758,0.002249056560930789
0.22974837050656327,0.06555006221681821,0.024876188954418833,0.03177620639354337,0.052472280818228106,0.1798864727181241,489.10334208105826,0.0638604411073029,0.023363447069633652,0.030253624832514113,0.05083979822683652,0.17767880403891695,22784064,356000,0.0016896214452572181,0.0015127418948921523,0.0015225815710857194,0.001632482627535184,0.002207668708984035
0.231088566974096,0.06523488999903207,0.02458314045741607,0.031504996835362724,0.052235864415792,0.17991720572884076,489.1622381646952,0.06356882069632426,0.023093949796589436,0.030015772256879646,0.05055367976461038,0.1778310154326274,22848064,357000,0.0016660693610901986,0.0014891906664123375,0.0014892245897441786,0.001682184659181024,0.0020861903636953806
0.23440239859989184,0.06489635301195104,0.024192452998940767,0.03207365684252516,0.0518746489762652,0.18069550630200357,489.23136364881077,0.06320728889480227,0.022688181844140197,0.03061572254439902,0.050266716228093256,0.1783637677895781,22912064,358000,0.001689064086182045,0.0015042711480651697,0.0014579343026267179,0.001607932726115915,0.0023317384953067373
0.23965573654796282,0.06516984459199017,0.024438367595170127,0.03168682872249817,0.05199089334122737,0.1800376095846412,489.30277102299453,0.06344873359985667,0.022913166050935872,0.030155831840567686,0.05031118810702156,0.17776828320378596,22976064,359000,0.001721111230202949,0.0015252015231326996,0.0015309968873808576,0.001679705214423736,0.0022693263030362483
0.24123086774435948,0.06522329427488155,0.02448375215729356,0.03208489270883108,0.05296515852280434,0.17837464291431446,489.3836457946411,0.06335316517762828,0.022881371918443236,0.030455945784833703,0.050965828567156056,0.1760515760129849,23040064,360000,0.001870128858368845,0.0016023802407521808,0.001628946938164114,0.001999329974411511,0.002323066981603502
0.2338967310105649,0.0658748324103653,0.0245655276827122,0.03222295194202002,0.052443037305319254,0.1813528149369934,489.4648249220218,0.06417336378619067,0.023129004869135605,0.030613976694865565,0.05073878767149574,0.17917087888446964,23104064,361000,0.0017014686752809182,0.0014365228160393168,0.0016089752408698845,0.0017042496655232206,0.0021819360062477664
0.2359243400615058,0.06476132635399696,0.024093449367481264,0.031385625268075555,0.05258034169945085,0.17926869843084442,489.53843498927614,0.06299234625324605,0.022608394266098175,0.029864725752977866,0.050637966608499174,0.17707829367369718,23168064,362000,0.0017689799962681714,0.0014850550845053028,0.001520899523424141,0.0019423751079441466,0.002190404767533285
0.2417948721221647,0.06525572499632826,0.024992184477771986,0.031941985977252216,0.051582231578640454,0.1795934369169423,489.61110023588697,0.0634273955971003,0.023366767501885648,0.030221557916525164,0.04986082468290499,0.17719148131868023,23232064,363000,0.0018283295806613739,0.0016254169642383712,0.001720428049743517,0.001721406903190493,0.0024019556794916447
0.24783006847246017,0.06566146085411315,0.025430584969776942,0.032237616696026414,0.0528592226718759,0.17845141277700585,489.6922135924974,0.06374086587876063,0.023609001553116987,0.030441834306312456,0.05102153293656112,0.17613270167196607,23296064,364000,0.001920594937400897,0.0018215834046461249,0.0017957823926782364,0.0018376897392647009,0.0023187110483520526
0.23039976800514644,0.06441686479374771,0.02518857993928906,0.03125796060784183,0.05247004598070276,0.17463070504008174,489.7843007261374,0.06273096701130272,0.023651014122392764,0.02982288962913071,0.05077939975561853,0.17247768872872685,23360064,365000,0.0016858978912350695,0.0015375658176102862,0.0014350709894993597,0.0016906462519979048,0.0021530161977881333
0.22723961269659393,0.06404602026939384,0.024461797100429845,0.03140345308598085,0.05249909566297785,0.17267307510025096,489.83416738136475,0.06245409817248583,0.023127457766264195,0.0299840189251595,0.050861876070474224,0.17059460632617432,23424064,366000,0.0015919221222866341,0.0013343393344711506,0.0014194341671020091,0.0016372195778420846,0.0020784687512364736
0.22705423647571235,0.0647137097120284,0.02383751883472287,0.031750214197097504,0.05123120940991001,0.18184189367108114,489.8963485628216,0.06310755868256082,0.022449771011321912,0.03032153612433229,0.04967928510017458,0.17963597805421874,23488064,367000,0.0016061510735889872,0.0013877478086676107,0.001428678062105935,0.0015519243291816313,0.0022059156403591846
0.22866567268876098,0.06442628340795643,0.02478538021349529,0.031620964651490106,0.0520895416704145,0.17588041105367494,489.95389368555385,0.0627505765482782,0.023260467852712595,0.030171259502957567,0.05039266582606818,0.1737817987294344,23552064,368000,0.0016757069489685822,0.0015249123634420375,0.0014497051532306319,0.0016968758355618884,0.002098612404621876
0.24050839501955087,0.064841232502833,0.024655949132033953,0.03190557459934627,0.0525005470758354,0.17829754747840204,490.03533966196466,0.06297936963476258,0.022931941187042584,0.030288421583887594,0.05061763241002785,0.17601010360164418,23616064,369000,0.001861862874822694,0.0017240079306369025,0.0016171530300722427,0.0018829146463744564,0.0022874437677341724
0.22700568206057414,0.06458922599628554,0.02419353462387933,0.031076948218334708,0.051972593062750296,0.17706213219018907,490.106583487569,0.06296049848571424,0.02280168456420646,0.029613708321610973,0.05034725596733835,0.1749078497389617,23680064,370000,0.0016287275262875465,0.00139185005139463,0.0014632398993327396,0.001625337098569601,0.002154282601491415
0.23592649237415347,0.06448108271136894,0.024336431695423537,0.03164500438204977,0.052277344071153704,0.17660950757492572,490.17412185755535,0.0627088473308833,0.02276571714935818,0.030070921464508116,0.05049008878758763,0.17435637976278318,23744064,371000,0.0017722356816520916,0.0015707145487213804,0.0015740829293550056,0.0017872552916461963,0.002253127830621566
0.23667597194243944,0.0655817436575891,0.02427495382614083,0.031938897405985024,0.05239344830742005,0.1798913820854193,490.24939823960926,0.06390455872192982,0.022818983857605057,0.030512759317908877,0.05068925832197145,0.17767808490043938,23808064,372000,0.0016771848534699505,0.0014559699699754345,0.001426138098056046,0.001704189988815501,0.002213297265537657
0.2302444292839082,0.0652287070099264,0.02429676253072284,0.03125100484292074,0.05269760089988563,0.17750739223366535,490.3170838288224,0.06351321131363509,0.022845463377428786,0.02975566153755219,0.05096125547855268,0.17521575943244727,23872064,373000,0.0017154956007143466,0.0014512991358840857,0.0014953432881388744,0.001736345426999933,0.002291632819507397
0.2281419198596857,0.06424219421856088,0.024075981098321698,0.031958270203975486,0.05202491703318172,0.17568780768391948,490.38423035731887,0.0625371483564378,0.022680471421974546,0.03034436191233113,0.05028876495328869,0.17347065306399284,23936064,374000,0.0017050458994344816,0.0013955096517150939,0.0016139082943103804,0.0017361520767113692,0.002217154634820595
0.23001469268191635,0.06500601049140094,0.024117444406749528,0.031316986618455105,0.05247294895060231,0.1804310252545871,490.44927807864667,0.06333354340121147,0.022680634392438385,0.029780948331445095,0.05078610826694186,0.1782836696843968,24000064,375000,0.001672467177151703,0.0014368100296935273,0.001536038299930757,0.0016868406639280339,0.0021473554622034284
0.23085539502854016,0.06466011301800603,0.02449643005425056,0.03127809934226823,0.052194313061811624,0.17829478263230975,490.5194983495605,0.06294928243756279,0.02303940190955904,0.029737575053977276,0.05051401649299124,0.17597904269150316,24064064,376000,0.0017108303459826872,0.0014570281487764256,0.0015405242677849998,0.0016802965577167762,0.0023157398965172925
0.23610268599713458,0.06489403318613784,0.02454047450276815,0.03200394239924274,0.051586040302098964,0.17614965307233107,490.5947686516092,0.06319239187799408,0.023014122427001384,0.030483112332667678,0.0499034867308154,0.1739839848872463,24128064,377000,0.0017016413569217541,0.001526352082892569,0.0015208300482993321,0.0016825535505483383,0.002165668271140391
0.23261639457355512,0.0651845448724925,0.024082454515266777,0.031957358038909756,0.0517763800188667,0.18033629827094855,490.6722038028474,0.06352739087119702,0.022672329064626594,0.03051645760380088,0.050140406776675604,0.17805942645629658,24192064,378000,0.0016571539973374437,0.0014101254593928982,0.0014409004296410059,0.0016359732294606618,0.0022768718335308387
0.23124578583729247,0.06399761479720487,0.0240537237616749,0.03081701753085456,0.05209724313181683,0.17508736067192568,490.73341330865,0.06225299785286201,0.022567030369038416,0.02916343742717611,0.050287692363309565,0.17296565038455777,24256064,379000,0.0017446171282790588,0.0014866933952742925,0.0016535801077007053,0.0018095507909021242,0.002121710217846894
0.24454404972545293,0.06537714765593415,0.025289472223104514,0.032502469284699895,0.05287914156196032,0.17683694039830747,490.8111680770581,0.0635186930745839,0.023595849744299936,0.030806250413706927,0.051052261517197675,0.17452259723643218,24320064,380000,0.0018584544353652717,0.001693622479969335,0.0016962188626313572,0.0018268800406111474,0.0023143430401402687
0.234281845372217,0.06500816428661362,0.02475230067775213,0.031798062280876616,0.05214654975412466,0.18010471746810883,490.88794448027755,0.06332544717565172,0.023267902380875494,0.030279293172121167,0.0504921924725861,0.17790732407338256,24384064,381000,0.001682717332965698,0.0014843983162408896,0.0015187691173123446,0.0016543572652239504,0.002197393342276547
0.2365909906981334,0.06564444705098861,0.025216355118154666,0.03159401287358855,0.05130553606231558,0.1811683074372232,490.96481599091,0.0639637637883424,0.023812201446044942,0.030088627745937884,0.04961308485148977,0.17891885596403592,24448064,382000,0.0016806830755085704,0.0014041536772209868,0.001505385115419554,0.001692451213090871,0.0022494514651477666
0.22956771961305936,0.06425324717350282,0.02437794345651073,0.031518184296636616,0.05212313254991213,0.1749736721844663,491.027133277287,0.06256664078496407,0.022894037486083214,0.030016226989707573,0.05045648183500945,0.17276800374762608,24512064,383000,0.0016866063747438603,0.0014839059815393502,0.0015019572886639404,0.0016666507006815206,0.0022056685676229925
0.2280485038294792,0.06399878437444569,0.02429401483360489,0.03170184859590865,0.0512927527928268,0.17520851735755455,491.096090907709,0.06238543269410711,0.022889847059511012,0.030262186851298292,0.04968396077609161,0.1731003695954504,24576064,384000,0.001613351620035245,0.0014041677709585667,0.0014396617215300695,0.0016087920139908683,0.0021081478624043583
0.2223873964552713,0.06338132728263751,0.024487521992077346,0.03198011123136609,0.051632310846856454,0.17059975598044322,491.1528849066961,0.06170281619578602,0.023063010208845595,0.030448713613026045,0.049973917790856234,0.1683628381996853,24640064,385000,0.0016785111072240393,0.0014245117851731002,0.0015313976181275182,0.0016583930526620947,0.0022369177433976466
0.22729081349556077,0.06375901638716472,0.02379494301253244,0.03161183792583252,0.05199383109084692,0.17369159681444837,491.2239164745628,0.06209672980196773,0.022395656084105556,0.030098997075098215,0.050299687085768395,0.17153265330828452,24704064,386000,0.0016622867400292308,0.0013992869361469577,0.0015128408535656432,0.0016941439942109453,0.0021589434959563376
0.2332137140523639,0.06438287505134928,0.024957063561986556,0.0315397521233952,0.0515911880572476,0.17560346197701862,491.29981012958154,0.06263929194211965,0.023424147505471532,0.029918185689657508,0.049929322564421466,0.17329906896595015,24768064,387000,0.0017435829822788917,0.0015329160728378122,0.001621566451107674,0.0016618654907544779,0.002304393054087737
0.23300021480504207,0.06451883846893909,0.02439304399546192,0.03140569099489554,0.05133848907041266,0.17767847103101256,491.367931298989,0.06276567173749215,0.022888999772866746,0.029735426417934946,0.04964638743000256,0.17537645108178151,24832064,388000,0.0017531665790593276,0.001504044218316108,0.0016702645787228583,0.0016921016170478756,0.0023020199294091414
0.22725658735156373,0.06465721203759321,0.024076591689005063,0.031793652240393086,0.05192300066327389,0.17783395430116167,491.4432856572532,0.06296199778839934,0.022591839880843057,0.030226674212705553,0.05031334653678527,0.1755652337170718,24896064,389000,0.0016952146120020192,0.0014847517982666755,0.001566978034095501,0.0016096541368660136,0.002268720629386893
0.2290176199645531,0.06410479817539437,0.023919568625653864,0.031213592082120944,0.05236512344943482,0.17427558999909035,491.516742363494,0.062454593766480625,0.022536165906660532,0.02971734938695176,0.05070026087321916,0.17209513118791261,24960064,390000,0.0016502043736400082,0.0013834027059448934,0.001496242691981691,0.0016648625791259699,0.002180458880345207
0.22830906452805846,0.06428792376816278,0.023901638835681832,0.031101610694788097,0.0516841111137564,0.17753021620192622,491.58475160541957,0.06261573492363089,0.022411919901087294,0.029665492053858968,0.04999805895279101,0.17536688968479808,25024064,391000,0.0016721888067550016,0.0014897189261207186,0.0014361186347080068,0.0016860521775587693,0.0021633265173426237
0.23114262100017968,0.06472992208972572,0.02449078120189396,0.03162632532058589,0.051990772281619586,0.17748366689102704,491.66120205877655,0.06300613479688774,0.023056973667825723,0.0301514814937314,0.0502429230963774,0.17511128874382148,25088064,392000,0.001723787471884861,0.001433807526526698,0.00147484381815766,0.0017478491848576985,0.00237237820073476
0.22670011149687366,0.06334805515408534,0.02449000475398511,0.03114099832789417,0.051428038011697194,0.17023985546362475,491.72619197970175,0.06162474165856847,0.02296662956317011,0.029677685654242263,0.04974295690833173,0.16790720854672375,25152064,393000,0.0017233133804402344,0.0015233751915850584,0.0014633126707514113,0.0016850811041162995,0.002332646929179191
0.22748974840405528,0.06410992662236098,0.024228331079571442,0.030835871410443878,0.051416637990227915,0.17513501952980573,491.79196120875747,0.062486957427114305,0.02285408361302904,0.029470351863679446,0.04984100707677499,0.17281701216318335,25216064,394000,0.00162296921457164,0.0013742474607283642,0.0013655195477226538,0.001575630891235033,0.0023180073338948874
0.2250717132649874,0.0638189955987035,0.02425728277371845,0.031000742678820522,0.051757773147950804,0.17489198563989253,491.86571615167423,0.06213263016752886,0.02274535527466316,0.02948743494579836,0.0501453937194308,0.17265562516986185,25280064,395000,0.0016863654901972023,0.0015119275038740735,0.0015133077289048453,0.0016123794283963476,0.0022363605657915414
0.2247533632111127,0.06273056939989309,0.023847514235831816,0.031464087918515536,0.05201972146495086,0.17085299619545677,491.93265443149807,0.061099565248936526,0.02244830885501755,0.029953467926166846,0.05035881634593954,0.16878686378359187,25344064,396000,0.0016310041659162396,0.001399205398692392,0.0015106200122261334,0.0016609051214249142,0.0020661323847527553
0.22672318550495435,0.06319599189795547,0.023759280238273898,0.03177604206751673,0.051642151621720624,0.17034848778966047,492.0018181624556,0.06150766918063162,0.022319667444394113,0.030152873587257937,0.04997679760610313,0.16818990016982913,25408064,397000,0.0016883229039376605,0.0014396127853634807,0.001623168498264157,0.0016653540223241317,0.002158587512465099
0.2322258567723796,0.0652046407014132,0.02400092131235583,0.031520019450540546,0.05207735650726469,0.18160588643201098,492.0779204563521,0.06353107179701326,0.0226149051578914,0.030016441156935945,0.050367344626018204,0.17937913913471953,25472064,398000,0.0016735688210465008,0.001386016152524155,0.0015035783141917444,0.001710011891204318,0.002226747358014647
0.23139810477283257,0.0645711278058587,0.024631167851174723,0.03194165004659386,0.0515207608642194,0.17414539830931877,492.1555185438517,0.062764508601278,0.022889555491740942,0.030314827733924715,0.0498366672968123,0.17188743234074094,25536064,399000,0.001806619368260727,0.0017416123502952128,0.0016268223257426518,0.0016840935622286428,0.002257966012969801
0.22337793592368715,0.06320578002184625,0.02381788206910425,0.03085803150531807,0.0516057207746043,0.17120425375117415,492.2139080550743,0.06160000818222769,0.02248350888882977,0.029434887622953595,0.0499660331831715,0.16906538269255772,25600064,400000,0.0016057717912481152,0.0013343731943884422,0.0014231438860409916,0.0016396875722467703,0.0021388709316668155
0.23578926716548587,0.06431568195857121,0.024083405772714377,0.031461343538843785,0.052464907151877516,0.17503421057182056,492.2892541711101,0.06258059121482074,0.02259582768871823,0.0298963343341127,0.05065924155081781,0.17286609531466032,25664064,401000,0.0017350907819345602,0.00148757809412594,0.001565009196011171,0.0018056655821303582,0.002168115189469407
0.23529918378049988,0.06389988341554982,0.02428497177789866,0.032138141671400874,0.05142435949285634,0.17358289879742553,492.36481060067894,0.06213091121986514,0.022693903016273772,0.03051123421843309,0.0496970230107735,0.17134361191103734,25728064,402000,0.0017689720394555477,0.0015910687756203275,0.0016269074416428416,0.001727336475509005,0.002239287015215227
0.22602617915283116,0.063773585712537,0.02396557744731522,0.03110384881653372,0.05177642953168829,0.17295494437427822,492.4346379145131,0.062102173674851636,0.022505612465146017,0.02965054773070481,0.0500726901222885,0.17080224384857184,25792064,403000,0.0016714119142852738,0.0014599649872718533,0.0014533010783477189,0.0017037394174674477,0.002152700519603867
0.22298649343100144,0.06295375084504494,0.02397352258113497,0.031117454913515478,0.050944734650743076,0.1711524823371009,492.5031876215093,0.06126682717539356,0.022523258699928852,0.029616059177625217,0.04926675121436879,0.16891295146005247,25856064,404000,0.0016869235845515514,0.0014502638812300492,0.0015013957410356482,0.0016779834243746104,0.002239530874345843
0.22503830306915296,0.0631713586188854,0.024415681162208536,0.030884292137628028,0.051307978504632965,0.17132441974312432,492.5749079866703,0.061559459570795345,0.022966805469897746,0.029457856335775013,0.04965132962474748,0.16935068664842545,25920064,405000,0.0016118991898256374,0.0014488757085220005,0.0014264358019739655,0.0016566488877004884,0.0019737330366424687
0.22308388737081403,0.06350685860216604,0.024065889710350886,0.030818896295241774,0.05162777842900293,0.17493957588776143,492.638953520534,0.061882491208612944,0.022633763081133046,0.029429109877350354,0.050020232039694516,0.17275851810692938,25984064,406000,0.001624367455078754,0.0014321266225838837,0.0013897864264624386,0.0016075464045363986,0.002181057981350275
0.22481706236691035,0.0635708012841641,0.023695299422738327,0.031129052839499342,0.051652560561507396,0.17317149445495922,492.7076354934242,0.061891847372055005,0.02218533005396753,0.029664478191134856,0.05001967446336624,0.17095843084406478,26048064,407000,0.0016789539029705347,0.001509969373786592,0.0014645746298885445,0.0016328860773822927,0.0022130636565113057
0.23991852417989154,0.06494900251179939,0.02415055775073808,0.031533863404025475,0.05175487355728261,0.17690086141364264,492.78671023800115,0.06319800146110345,0.022589950684005416,0.02997206252679953,0.049975742027032755,0.17472606692540402,26112064,408000,0.00175100107828621,0.0015606070754121415,0.0015618008870518984,0.0017791315204546286,0.002174794386136681
0.22355322460098923,0.0645904206894336,0.023645232870577508,0.03101541187806384,0.05141266079463919,0.17885689134822233,492.8535611691386,0.06295547817274919,0.02220296578020201,0.02964503142267297,0.049784235272982806,0.17666022701088246,26176064,409000,0.001634942608186973,0.0014422670997078337,0.0013703804550064212,0.0016284255138517886,0.0021966644319897925
0.2417133294009981,0.06490360592305663,0.024789783262000778,0.03157039355997452,0.05208957838032983,0.17384991174944436,492.9350271647725,0.06313124964386217,0.023186270450800583,0.029968910190393185,0.05036797977171369,0.1715942777561769,26240064,410000,0.0017723561809398249,0.0016035128139154694,0.0016014833631341832,0.0017215985943545315,0.0022556339451011358
0.22226647262686167,0.06329298888146873,0.023585074262261002,0.031991731590418314,0.05133946625216914,0.17191495035130797,493.0138200922835,0.06167666032351554,0.022201450842453615,0.030520412255395687,0.04970083830584038,0.16983965282353594,26304064,411000,0.0016163286205264726,0.001383623415976297,0.0014713193235307352,0.0016386279255792059,0.0020752975113578066
0.22606992889713265,0.0626941212788226,0.023404071624084876,0.03134605392080775,0.051823835622710056,0.16963177848404248,493.07379090522795,0.06097091934829944,0.02199175914416312,0.029802892035174753,0.05001191975992836,0.1673916583427968,26368064,412000,0.0017232020028750425,0.0014123124706152035,0.0015431618832682185,0.0018119158517964963,0.0022401201746718807
0.23754121895809968,0.06433146357163787,0.024841338722854607,0.031454918508222185,0.05172624504630696,0.1742735038591052,493.14622510904496,0.06230019991099828,0.022950848053492613,0.029810319480311584,0.04964811983312658,0.17172059089039007,26432064,413000,0.0020312638112227432,0.0018904906728788424,0.0016445990356464206,0.0020781252102236927,0.002552913043382581
0.26979610699011847,0.06666924484446657,0.026750305629740123,0.03245758989072084,0.05463396119203007,0.17604663543311408,493.2460088704001,0.06365469143167153,0.023868664246979327,0.03037502024344337,0.05127972991887794,0.17242172253829668,26496064,414000,0.0030145534006296684,0.002881641393282665,0.0020825696496998224,0.0033542312836419385,0.003624912829433663
0.2762177387689621,0.06633247402310363,0.02650978851798908,0.03357796381823496,0.05455420365756912,0.17412323444978678,493.34522993900526,0.06359110930189495,0.02398290897061635,0.03117547216456454,0.05185662206172591,0.17067192861192612,26560064,415000,0.002741364899557086,0.0025268795653286672,0.002402491666103242,0.002697581587046255,0.0034513059919057134
0.247288769347,0.06482696244679402,0.025963567461633117,0.03227580128136197,0.05312508108538176,0.17415321822025487,493.42466216972326,0.06261163128539905,0.0239703785087933,0.030394363225429447,0.05110547545574781,0.17096719856932172,26624064,416000,0.002215331200801306,0.0019931889368692023,0.0018814380580141669,0.00201960564819976,0.0031860197158550822
0.2562859302946164,0.06458061284571899,0.026306337837594274,0.03330509293874928,0.05363163407971556,0.1688721654052436,493.4845818805674,0.061959477892145516,0.023831426438572407,0.030870178784905358,0.05098723838482754,0.1658834313921076,26688064,417000,0.002621134829765648,0.0024749113977552257,0.002434914147826477,0.002644395702376108,0.0029887340254601507
0.24289116750268877,0.06540199790894975,0.025302253459954502,0.0324435931598943,0.05291408917831962,0.1764850709495584,493.5512608108426,0.0633801334798336,0.02352601919708603,0.030640433763099138,0.05090735159392474,0.17385695360513131,26752064,418000,0.002021864525740961,0.0017762342425888596,0.001803159402938211,0.002006737545605052,0.002628117387788122
0.23992945979640362,0.06438502880558351,0.024820336227346675,0.03177689090879967,0.052927833246751016,0.1733678590299687,493.6132840978905,0.06241026815585789,0.022962449514132077,0.03002998784573084,0.05104359720417683,0.17085678533411028,26816064,419000,0.001974760592798702,0.0018578867105281756,0.0017469030460512572,0.0018842360524239173,0.002511073656679653
0.28481805127890325,0.0673753632046283,0.027820377801820895,0.0345280474849317,0.055685223788002995,0.17712034588160244,493.71422478797575,0.0643712313752623,0.02499633649156389,0.031836293350512836,0.052342597981625695,0.17404019607534124,26880064,420000,0.003004131773486729,0.0028240413113687283,0.0026917541254108546,0.003342625820550721,0.003080149810671954
0.2834350322523817,0.06817843385785842,0.029600845139796123,0.03742029434262071,0.05676610966685234,0.17566169986944807,493.8494151016608,0.06514510033652177,0.026752192639505814,0.033860859025196414,0.05397099179787237,0.1725163029876324,26944064,421000,0.0030333333421149276,0.00284865250530746,0.003559435317631705,0.002795117855837093,0.003145396891715149
0.22741057067693818,0.06389678269997262,0.024564718833174324,0.03262613336382598,0.051819975783032074,0.1728802866964215,493.87421070262775,0.06219698848575352,0.023103707888649058,0.03110507115648048,0.05017861496209918,0.17055270441198792,27008064,422000,0.001699794537445992,0.0014610109534197912,0.0015210622089624406,0.0016413608144965669,0.002327582339061117
0.22709335676821682,0.06410075217485448,0.024489988276965406,0.03155200463488837,0.05181696531674463,0.17495234564819762,493.9097083726629,0.06243623462691893,0.023036320021026152,0.030011861728320575,0.05018317448171562,0.17279945059945978,27072064,423000,0.0016645176610909388,0.0014536682552436161,0.001540142911630621,0.0016337908432699237,0.0021528950771194126
0.22818955162494342,0.0635453253313898,0.02422871945123823,0.03087818293981352,0.05248581783980291,0.17097008055308455,493.958916459374,0.061828823618590836,0.022747451143310723,0.029357865166823215,0.05075952124503526,0.16872413209499293,27136064,424000,0.0017165015889331712,0.0014812683026527026,0.0015203177784040133,0.0017262965894362689,0.0022459484470575214
0.2313787242889805,0.06310393366403888,0.024435926142556654,0.03189188315176546,0.052222543027289965,0.17110107476238004,494.01069887396153,0.061364388095214904,0.022893414336329503,0.030353302990989706,0.05042777583980228,0.16893872386937742,27200064,425000,0.001739545366261154,0.001542511816231373,0.0015385801864935989,0.0017947671701893499,0.002162350883965967
0.2303697446686818,0.06453076501935716,0.024573483560326785,0.03169697751800467,0.05205538353075323,0.17463299664501147,494.0715401192826,0.06279810062050828,0.023066237367143003,0.030161552961667434,0.05031559145152408,0.17238181044108974,27264064,426000,0.0017326642598491163,0.0015072461822121515,0.0015354245485401008,0.0017397920933425338,0.0022511860946681675
0.22538677841523028,0.06298444975167505,0.02407018580867558,0.03134685590676937,0.05118219769284856,0.1707887235144418,494.1372207721551,0.061306334543973134,0.022548071112400425,0.029854221956471156,0.049541599604677924,0.16863382287720463,27328064,427000,0.0016781151362811218,0.0015221146973136606,0.0014926339501621262,0.0016405981074356652,0.002154900553971059
0.23450990307691943,0.06504093436896809,0.0243195979761323,0.031538223392584976,0.05194898362127385,0.1764724183368546,494.2136280763527,0.06333337214961643,0.022781617984708586,0.030055585149052197,0.05021218036942177,0.17433935340712928,27392064,428000,0.0017075620942632683,0.0015379799944913012,0.001482638225532272,0.001736803231273816,0.0021330649670392274
0.23392298935538844,0.06451888721622544,0.024399372957949757,0.03186669430759448,0.05175755249358765,0.1776352250078872,494.29621530664974,0.06277606850862513,0.022884179338705613,0.030252482663170856,0.05005516190306497,0.17535653591785572,27456064,429000,0.0017428186156321305,0.001515193615962595,0.0016142116287544308,0.00170239057555792,0.00227868890708302
0.2261921104346162,0.06299384664744138,0.024552320735773025,0.03141084268960603,0.05187336170872455,0.17029529356217898,494.3545942531633,0.06125117433443677,0.022918982509674023,0.029706986699900698,0.05023813409713137,0.1681851799948076,27520064,430000,0.001742672322492579,0.00163333823062177,0.0017038559818624752,0.0016352276067268662,0.002110113503776157
0.22061097247077838,0.0624362042881548,0.023245262291532107,0.030944625493070244,0.051283790230144316,0.1714396555941893,494.40935443261924,0.06085738966614029,0.021863918233752062,0.029515624067008254,0.04973088790187535,0.1693669017852183,27584064,431000,0.0015788146304548739,0.0013813440575032416,0.0014290014279506064,0.0015529023248497917,0.0020727537119784043
0.22463195659378604,0.0636097837239503,0.024348292916307784,0.030829948575196497,0.051599888331365376,0.17238224587978906,494.4746381167451,0.062026414606720225,0.022932300367006192,0.029491943739321663,0.04998838652352401,0.17034677209439397,27648064,432000,0.001583369269210378,0.0014159925327701247,0.0013380048223770936,0.001611501843455933,0.002035473781736401
0.2394907499470401,0.06454358641430742,0.02454545449949475,0.03169761320957228,0.05194774167511305,0.17672184764899956,494.5622258206317,0.0626027402020989,0.02279828472902902,0.02987966231800863,0.04997627329274047,0.17441337240959112,27712064,433000,0.0019408461525454172,0.0017471697775151651,0.0018179508827615366,0.001971468364908159,0.0023084753028826907
0.21735783110497925,0.06208998350054028,0.023906503180959555,0.03059924903643377,0.05132347615410038,0.16814579665763416,494.6185903156526,0.06051232152432212,0.02248904836054175,0.029235931001572003,0.04971182248104484,0.1661608589697525,27776064,434000,0.0015776621088152772,0.0014174548148901825,0.0013633180383001414,0.0016116536754801876,0.001984937681203466
0.23243901164778813,0.06357092365436239,0.023973738530253808,0.031672587635974234,0.051809028598139954,0.17335349813702516,494.68732804853016,0.06187952557578687,0.022521599368757698,0.030079240892849128,0.05016953769586197,0.17112347791735485,27840064,435000,0.001691398155817297,0.001452139163532372,0.001593346733408006,0.0016394908944804502,0.0022300201662065378
0.23089919002167214,0.06323079084604977,0.024102854789341408,0.031772201887555265,0.05165468043737707,0.17182519073465088,494.77014320188397,0.06155777483806011,0.022653562740916292,0.030223151446845637,0.05000740847631126,0.1696490830449849,27904064,436000,0.00167301597475307,0.001449292047702442,0.0015490504554049502,0.001647271958619873,0.0021761077269716054
0.22379786946747857,0.06263163054920741,0.023399737513787155,0.030580201086532168,0.05154701122003308,0.17146604472559462,494.8349007951354,0.06110479005426169,0.02209178820416574,0.029257714266839967,0.0500178394542259,0.16940297084587821,27968064,437000,0.0015268406847026204,0.0013079493048093476,0.0013224868350747536,0.0015291717682810774,0.002063073801963155
0.22961161552146658,0.06309239079058183,0.02388521794389605,0.03075135554055166,0.050939605284087724,0.17387428421346318,494.90490769615275,0.06140809375420218,0.022425342547867086,0.02922607074443568,0.04922812694775441,0.17172944607797097,28032064,438000,0.0016842974065220924,0.0014598753940372044,0.0015252847863705464,0.0017114783201537655,0.0021448381504221834
0.22712886116254327,0.06328118853643527,0.02377720030110585,0.03107117933754789,0.05108179113838992,0.17440057729561675,494.96920872309323,0.06164260517247016,0.022451916197652938,0.029562999957321867,0.04946896077029331,0.1721146790504557,28096064,439000,0.0016385834983084352,0.0013252841045761094,0.0015081793804797138,0.0016128303545603075,0.0022858983303963064
0.22402237101364486,0.06260433761775476,0.02359872835301806,0.030723024352017382,0.052350632648619604,0.16826603955963673,495.03206186653034,0.06095368649810548,0.0221805255811567,0.02932841259745001,0.05058289045257322,0.16618721538047007,28160064,440000,0.001650651115283835,0.001418202770850675,0.0013946117518244166,0.001767742206252514,0.002078824190051341
0.235092194087761,0.06493993420526359,0.02398481909151858,0.031773867563315426,0.05139841844630597,0.17886277473888368,495.110112010518,0.06318269333429632,0.022444530304527647,0.0301858540339782,0.04967401028650327,0.17656681970997806,28224064,441000,0.00175724089943105,0.0015402887720815817,0.0015880135165613602,0.001724408165201243,0.0022959550465915693
0.21985382915436094,0.06199898331984864,0.02384966375523121,0.031336214218704285,0.05154010949414727,0.16642137292763384,495.1725820698177,0.06038352164626119,0.022435890602573463,0.029875590326889724,0.04984659279064539,0.16446675047972834,28288064,442000,0.0016154618095606582,0.0014137731484349162,0.0014606238823282633,0.0016935167040205434,0.001954622536610487
0.22774046243184023,0.06370850270800288,0.02460215035565931,0.031069046541895576,0.051141661948840275,0.17186847805297475,495.2439387736224,0.06208351637050509,0.023192836498270725,0.029588676075474114,0.04952912450607149,0.16976621495577857,28352064,443000,0.0016249865242862172,0.0014093138512450095,0.0014803704718614676,0.0016125374415007158,0.0021022629824125495
0.22505842373057774,0.06353216823190465,0.023707265960024454,0.03011708363223997,0.05205731687453864,0.17458166267933373,495.3173747590142,0.0618539576195181,0.022244578634663316,0.028725549642799702,0.05030615418097185,0.17239666835517697,28416064,444000,0.001678210694924928,0.001462687330553031,0.001391533984561779,0.001751162709655163,0.002184994375145786
0.22858908633587735,0.0632466304339468,0.023897230138464277,0.031251862268783764,0.05075422286868269,0.17271548449272778,495.3834846806521,0.0615834479294717,0.022443554142715216,0.02970236491224998,0.049132040448367935,0.17056367475442438,28480064,445000,0.0016631823923671642,0.0014536760009935237,0.0015494973852437576,0.001622182423816587,0.0021518097451179723
0.21979187885242013,0.06341215579211705,0.0240325789308676,0.03070417944748806,0.05079064034431362,0.17246105099036194,495.4421183650017,0.06189527335762974,0.022744412591071052,0.029255720543754044,0.04931068145305541,0.1704841976206775,28544064,446000,0.0015168822869309217,0.001288166342096012,0.00144845891100753,0.001479958899443269,0.001976853409626637
0.22600841221921913,0.0628304028511047,0.0237659243135412,0.030808863288279923,0.05137527858144175,0.1699092824712426,495.51507393330786,0.061193698249757345,0.022341476286653613,0.029390552365685774,0.049700889808581186,0.1677962737637793,28608064,447000,0.0016367045465740385,0.0014244480327062678,0.0014183109321014382,0.001674388740019177,0.002113008724278969
0.22650624735651825,0.06299005746468894,0.023526623679939438,0.03147190982460802,0.051263226484718497,0.17098209663072245,495.57966433825777,0.06136902251839633,0.02216652247536322,0.02996755582528275,0.0496679866211709,0.16881646799551286,28672064,448000,0.0016210350056644496,0.0013601011983453565,0.0015043539880405662,0.0015952398467016721,0.0021656287963878486
0.22877266250597897,0.06346357490494842,0.023388852703729663,0.03134871483944923,0.05205858795936703,0.17301379766609912,495.6438135110097,0.06176490348950029,0.021978921167542964,0.029747761596800978,0.050357758612349646,0.17078646191686517,28736064,449000,0.00169867138657719,0.0014099315411655188,0.0016009532576599756,0.0017008293534908749,0.00222733568026648
0.22557684691383106,0.06277605661563573,0.02409207692781422,0.0310009553127036,0.05170114799140491,0.16869938872040469,495.7155234027958,0.06110717602632927,0.022572197489979184,0.02960753763917468,0.050007794984884925,0.16657054033418164,28800064,450000,0.001668880533194173,0.0015198794334006414,0.0013934176839430468,0.0016933530301226733,0.0021288483305949794
0.22756053081941355,0.06282743388786909,0.023920281812634527,0.0307524371459255,0.05103060819188895,0.16916548267004378,495.7870698594916,0.061157543851062666,0.022380854235409083,0.029349778087992728,0.04933664125834565,0.1670763863914624,28864064,451000,0.0016698900593328271,0.001539427581358771,0.0014026590426045621,0.0016939669245209224,0.0020890961932674896
0.22743361925881475,0.06310333458706738,0.023874617497421077,0.03148949853095418,0.051012863085308544,0.171564820483294,495.86180713885244,0.06136467301473022,0.022329681371272697,0.029749574976780643,0.04939941427646143,0.16934945082181907,28928064,452000,0.0017386615342693402,0.001544936118260502,0.00173992353928242,0.0016134488191638966,0.0022153695998442012
0.21788468648586146,0.06273621988669037,0.02391682053489248,0.030564013450989927,0.05116926756716411,0.170463910169536,495.92197436693186,0.061161756223067666,0.022482694772875508,0.02920033153569877,0.049600006437706796,0.1684610962210072,28992064,453000,0.0015744635272421903,0.0014341257705297941,0.0013636819220248708,0.0015692611085102344,0.0020028139016115276
0.2289830525998922,0.06392952997982503,0.023791823297201035,0.031616646636402,0.050479494159254706,0.1746795727035096,495.99579460281615,0.06230151417478917,0.02239517714382041,0.030109697890555537,0.04884761675933861,0.17259739337819785,29056064,454000,0.0016280158329172983,0.0013966461469038592,0.0015069487164711295,0.0016318774323908559,0.0020821793429191206
0.22381307443803836,0.06258764727786197,0.02331134264397573,0.03101388875760525,0.050653666373019296,0.1728958649687538,496.06103025177185,0.060963142644614,0.02192948122867816,0.029587848015219444,0.049088195565686756,0.1706089252109856,29120064,455000,0.00162450475082733,0.0013818614085271453,0.0014260407436942509,0.001565470796594215,0.002286939769870049
0.22498073068801663,0.06241261898726231,0.023770538815270758,0.03105099046641082,0.051098329242396996,0.16749066912638247,496.1340444814315,0.060752623721957166,0.02231789045141443,0.029634621952110557,0.049466843823971283,0.16524019538464507,29184064,456000,0.0016599951495300013,0.0014526483732981283,0.0014163685081842589,0.0016314854395639968,0.002250473736126868
0.2293208902495922,0.06340107464417812,0.023715849950736903,0.03087213527080302,0.05123896077155444,0.1728022685307004,496.2121217347979,0.061751765478402436,0.022250222034252278,0.02942427236123849,0.049597681492165535,0.1706664993413557,29248064,457000,0.0016493090228177625,0.001465627923377552,0.0014478628847114712,0.0016412792636258343,0.002135769062406901
0.22983871660076308,0.06298472102358915,0.024040244195008425,0.030809637199937488,0.05130043391635101,0.16946051638837367,496.2846204903354,0.061324922703206455,0.02250413588928272,0.029347483543705685,0.04967237761728072,0.1673758598126813,29312064,458000,0.0016597983030369502,0.0015361083187763142,0.0014621536558841357,0.0016280563043368306,0.0020846566051038406
0.22553886884362387,0.062140068208798686,0.024082205642017938,0.030762874883518258,0.050825894876450395,0.16752007869845378,496.35926682327243,0.06050674611702563,0.022574152335397453,0.02928872154365767,0.04924760560053133,0.16545760116536143,29376064,459000,0.0016333221507375125,0.0015080533202958164,0.001474153360263796,0.001578289276240563,0.0020624776304606412
0.22353894415594833,0.06305968550965184,0.023346512779393213,0.03102045529246841,0.050387001281717636,0.1725112019916696,496.4300663908057,0.061436463084071816,0.021955284985634253,0.029590684048413193,0.04880181023333513,0.1702961437363279,29440064,460000,0.0016232222671387698,0.0013912277802501781,0.0014297712587529369,0.0015851910431509365,0.002215058348431903
0.22660166035602275,0.06267217593640097,0.023037108892380007,0.03082049683988417,0.0506348730705211,0.17290381354441522,496.49286288564576,0.06106935987621539,0.02160160805053943,0.029306224956168907,0.04911082900273175,0.17083959108990596,29504064,461000,0.0016028162214788623,0.0014355008333549746,0.0015142718870786698,0.0015240440516331854,0.002064222420334524
0.222588115554058,0.06222670696116966,0.02354187963022512,0.030729713761122487,0.05101182045554701,0.16802653879677595,496.56032098421036,0.060615934502333366,0.02216052029440655,0.029363229893554253,0.049341454629075146,0.16591965838071526,29568064,462000,0.001610772496787828,0.0013813593350593015,0.0013664838918800318,0.0016703658319767447,0.002106880465423451
0.22686920105452338,0.06284637790173313,0.02380521960171324,0.030803484566230468,0.05087329971915863,0.17108780586748812,496.62792163135896,0.06121861868351704,0.022367744125648632,0.029381603168765858,0.0492978077837072,0.1688921322452651,29632064,463000,0.0016277594641433092,0.0014374754745720931,0.0014218813865406518,0.0015754919533472057,0.0021956737538129712
0.2332015850469903,0.06271794872730961,0.024011059630074303,0.031413135822151515,0.05132639404206591,0.16863165865039995,496.7044407335961,0.06091984311863777,0.022422895991292897,0.029845090735107976,0.04956832735580416,0.16623114371212144,29696064,464000,0.0017981057261349633,0.0015881636379172614,0.001568045089988528,0.0017580666734008802,0.0024005148887775614
0.2146934776516346,0.06110027428343904,0.023448457597509062,0.03056880566292574,0.05033067089598485,0.16552668399736253,496.7716129653828,0.05960807988792656,0.02214602577304226,0.029320743153684367,0.048793449147195495,0.1635662419612513,29760064,465000,0.0014921944988309373,0.0013024318400657574,0.0012480625057883757,0.001537221764733394,0.0019604419544492447
0.21474624093903177,0.061077283196151314,0.02371810947555523,0.03057249609827375,0.050668419419350984,0.16463816011456955,496.82032162846565,0.05953348960354918,0.022335735079789067,0.029197785894623532,0.04917088588617935,0.16260742851740753,29824064,466000,0.0015437936836387952,0.0013823743838877374,0.0013747102034809358,0.0014975335311845903,0.0020307315682761935
0.22875896347890481,0.06233623168617482,0.023925881581620356,0.03133944591498677,0.050826010825297974,0.1681415036045201,496.89767710504117,0.06058765580132611,0.022356022234814688,0.029755230016396902,0.04907310208918285,0.16596750848690936,29888064,467000,0.0017485760151175762,0.0015698593523985466,0.0015842158888196365,0.0017529087389999058,0.002173995095770573
0.23053303753621346,0.06262220753356813,0.023537589824271524,0.03141372599306229,0.05155110486252779,0.16921052695419533,496.97247960600697,0.06086516794562338,0.022042959244261418,0.029822457066412632,0.049805564482729714,0.16687633210597277,29952064,468000,0.0017570395926013577,0.0014946305904614352,0.0015912689264703512,0.001745540377259138,0.00233419493490188
0.22148436728047802,0.0622447264492512,0.023646340812639735,0.030437209054620717,0.05080136958651581,0.16804712478478392,497.0368536853718,0.06063486006110907,0.02211423062425538,0.029066326010379177,0.04923965086649129,0.16601314570273656,30016064,469000,0.0016098663642769662,0.0015321101948085761,0.0013708830437404443,0.0015617187160826382,0.002033979060962532
0.2140271296615519,0.061081117507070216,0.023088621554814562,0.03070083049507847,0.051157574155526686,0.16440725262725644,497.09301102996443,0.05955001511797312,0.021774147430163798,0.029329107560560275,0.04959679404496611,0.16243434026553707,30080064,470000,0.0015311026329291068,0.0013144741233830713,0.0013717229155388486,0.00156078010749662,0.001972912315589621
0.22816766986951098,0.062421128259971766,0.02370053693513494,0.030851724394427116,0.05071998055557992,0.169489900913792,497.16545044188683,0.060754816845059297,0.022297250455514516,0.029382982839965814,0.04897884920045603,0.16734373183628762,30144064,471000,0.0016663114845287044,0.001403286489670792,0.0014687415873977927,0.0017411313760938988,0.002146169141715914
0.2279311527682919,0.062397144768387015,0.02346446219493488,0.03071877799152545,0.050997268948893094,0.16910480259622704,497.25093231097907,0.06070691348239773,0.02198953890884154,0.02919206049570679,0.04935666932174717,0.166856148360874,30208064,472000,0.0016902313350583423,0.0014749233005386328,0.0015267174968242047,0.001640599616400812,0.002248654198731229
0.21997848547741686,0.06195187188312405,0.022919361054447644,0.03046924419958213,0.05114165178403743,0.16929969076427007,497.3122862381202,0.060410644019022526,0.0216310989068093,0.029117814603628563,0.04956007610514198,0.16724336147705635,30272064,473000,0.0015412277724826701,0.0012882621468980901,0.0013514295978102322,0.0015815756764165126,0.0020563292761775548
0.22985930345590325,0.06287921334803108,0.023229797436070856,0.03063269191866265,0.050978759190297075,0.17257333330666572,497.37890504007015,0.06122873171791442,0.021788960998692194,0.029233329680015144,0.049350525250717016,0.17032395924925076,30336064,474000,0.0016504818615503615,0.0014408364430782076,0.0013993622504801216,0.0016282339475871494,0.002249374037615852
0.22851078157411628,0.062438134588301074,0.02365887900407568,0.030833386673558807,0.05115685206719695,0.1700338666188754,497.4583122921195,0.06070645562000578,0.022097389177410526,0.029344839305797087,0.04949765578434994,0.16769074649276325,30400064,475000,0.001731678980460854,0.0015614898183909875,0.0014885473581150116,0.001659196275827483,0.002343120171918489
0.22114217210156686,0.06186834780871873,0.023261536163443747,0.030564711231891407,0.050583784740632645,0.1673668114083604,497.5177740611028,0.060335634080693146,0.02198851017847065,0.029276163768315176,0.04904003799376038,0.1652218103955675,30464064,476000,0.0015327136010164415,0.0012730259787555095,0.0012885474496984665,0.0015437467615084686,0.0021450011484726176
0.2301646414126727,0.06283949809521432,0.023510985656605903,0.03174475997028889,0.051230156485707945,0.1705527841999171,497.5961105966198,0.061094991944730274,0.022056963490073845,0.030141635275798943,0.04954531692702022,0.16814070866811937,30528064,477000,0.0017445061760954564,0.0014540221727230899,0.0016031247229397515,0.0016848395650084856,0.0024120755092164733
0.2177182574364983,0.06098603270202868,0.023272650432870204,0.030517101444368838,0.05039801346523889,0.16515760853382813,497.661385215857,0.05942127969861025,0.02194663744712267,0.02918110772523448,0.04883534128083419,0.16299500453451085,30592064,478000,0.0015647528394474642,0.00132601300230489,0.0013359937059539023,0.0015626721782129051,0.0021626039895599933
0.22811673213599173,0.06266099746152763,0.023421844689449238,0.030646787064479715,0.050825433243766864,0.17186419490820298,497.73165725887213,0.06100259329378613,0.021981122052503178,0.029160906778122796,0.0491657679514611,0.16970641725003852,30656064,479000,0.0016584041429450753,0.0014407226309596408,0.00148588026849933,0.0016596652851891065,0.0021577776903907143
0.2181192797901227,0.06140611144527793,0.022954607589493862,0.030111950546882326,0.050622518238272005,0.16632988420287936,497.8006800660808,0.059891952674836046,0.02167556280141792,0.028833621874636586,0.04912213823381056,0.16420720764599261,30720064,480000,0.0015141586711397397,0.0012790447884568528,0.001278328685091055,0.0015003800091121695,0.0021226765505662276
0.22775879404734564,0.06286342496052398,0.023224207781387327,0.030983676947270843,0.05088979797172802,0.17062768411750298,497.8670022081852,0.061268544230610095,0.02180284266678486,0.029512364975021077,0.0493294792938933,0.16860327907862988,30784064,481000,0.0015948807254899315,0.0014213651187802096,0.001471311988245809,0.0015603186614440191,0.0020244051257571984
0.22482136133099462,0.06234708497859525,0.02373619801774189,0.03020299238271593,0.050837353021445104,0.16824270898795277,497.9499507251031,0.06071710772626103,0.022340837609992954,0.028843134678147225,0.04917934620570061,0.16603826375609865,30848064,482000,0.0016299772930797164,0.00139536040421548,0.0013598576876422098,0.0016580068108339554,0.002204445241531669
0.22196380765641752,0.06139049195498228,0.02350771005224593,0.030842013657166,0.05053054567349873,0.16661974987499192,498.0072382194017,0.05980384761840102,0.02206653279331504,0.02941969516484604,0.04898998232079508,0.16457464522990203,30912064,483000,0.0015866442974074738,0.001441177268085761,0.0014223184887029862,0.0015405633598377932,0.0020451046316096733
0.2203622875995139,0.06184814590215679,0.023201317846750176,0.030897692159436847,0.05089610256233533,0.16787145579608062,498.0652871096638,0.06026798417419194,0.021837650394671632,0.02947948129251465,0.04935661047766819,0.165740154006138,30976064,484000,0.001580161844613029,0.0013636674592006966,0.0014182108799183331,0.0015394921006647885,0.002131301799372498
0.22365473591471355,0.06230192258954047,0.023294158501904024,0.03084832490273206,0.05013358849687499,0.16994441680714695,498.12894446243746,0.06065462946891792,0.021867332561197907,0.029413041919223133,0.048577525757153676,0.16762068578835357,31040064,485000,0.0016472931234748096,0.0014268259350129987,0.001435282981912438,0.001556062733675448,0.0023237311225540055
0.22740071083332453,0.06215306564047939,0.023092005984862655,0.030974434487572512,0.051392492228774116,0.1682052616863142,498.2094314590992,0.0605873099695892,0.021791865457218885,0.0294632322131396,0.04983693351779383,0.1661699499888249,31104064,486000,0.0015657557657104922,0.0013001405296184307,0.0015112022601489164,0.0015555587393300298,0.002035311693643486
0.22403529467907315,0.06242342579364789,0.023528512145418023,0.03042460151169935,0.05024776587154681,0.1700472070576654,498.2769756491047,0.06092651768773787,0.02226363237721533,0.029109503172692553,0.04877534422497011,0.16798826085746715,31168064,487000,0.001496907980937977,0.0012648797668966063,0.001315098333759858,0.00147242163345064,0.0020589461696020536
0.22416138013642808,0.0625110599137844,0.02322716933868797,0.03063541998365965,0.05133017966390502,0.16818202376701039,498.3486454482753,0.06091981982439763,0.021807223656579045,0.02925074309147971,0.04970841227324323,0.16617847559055637,31232064,488000,0.0015912400526576676,0.001419945675198716,0.0013846769037526403,0.001621767393328523,0.0020035480864538466
0.21802192980793703,0.061201599271967985,0.023331847462174475,0.030382685018194036,0.05082557480594666,0.1652155768299178,498.41381193056407,0.059698143824935,0.022028532347287424,0.029119807310030416,0.049293285982809854,0.16321003150542912,31296064,489000,0.00150345529784681,0.0013033151141013351,0.0012628776950404312,0.0015322888386954262,0.0020055453372978655
0.30360236087792836,0.06558011176064615,0.027331434595421755,0.034444643064657304,0.055836060306741396,0.16941010851421587,498.53554144072604,0.06268825379945317,0.024635224848104195,0.031881486720177134,0.0525638389105991,0.16646822374699824,31360064,490000,0.0028918580919853405,0.0026962097359710005,0.002563156362042976,0.003272221410858187,0.0029418848204046245
0.22271548013201067,0.061554104138165755,0.0237263082931497,0.03167630234881804,0.05123088137237071,0.16378254925168056,498.6008102274111,0.06002047300711267,0.022439586195246504,0.030192305980287215,0.049699135825972206,0.16182536105674644,31424064,491000,0.0015336313332663853,0.0012867220962362205,0.0014839963530275569,0.0015317455457985259,0.0019571880929745255
0.21970608948525158,0.061542766904458444,0.023527215442548214,0.030202719591358704,0.05069129357441089,0.165118261658117,498.6449634826019,0.05997474342584601,0.022245138268110944,0.028709254763640637,0.04908744073391178,0.1631054405510689,31488064,492000,0.00156802337593399,0.0012820771694072842,0.0014934648176923321,0.0016038528413285728,0.0020128211591948597
0.2211847720728753,0.06178940972872082,0.023132678734302508,0.031143199808761533,0.050506295684872186,0.16542060972121383,498.69575032287577,0.06024869805760687,0.021772731943151536,0.029773430179108183,0.049005151619859286,0.16338755710132244,31552064,493000,0.0015407117095310222,0.001359946795282714,0.0013697696121830571,0.0015011440707496018,0.0020330526367221134
0.21919727031147312,0.061496890619397254,0.023527004045480946,0.030501996519930026,0.050345466259754945,0.16449116756143778,498.7556392645721,0.059940975595265594,0.022219381131221332,0.029040213389801936,0.04880809674546596,0.1624497408496001,31616064,494000,0.001555914975295307,0.0013076229276090124,0.00146178315233746,0.0015373695117219567,0.0020414266531400805
0.22585555319489087,0.0622128306701779,0.02349846578268536,0.030785780960777227,0.05082930821293477,0.16757557044973306,498.8194581324235,0.06057791756652296,0.022035842590227124,0.029324570367811154,0.049249658760654666,0.16543129633937884,31680064,495000,0.0016349131935276093,0.001462623196852904,0.0014612106111399337,0.0015796494715626863,0.0021442740593010995
0.21588898027389913,0.06161841856688258,0.023578568193537937,0.030030744438649903,0.051151262350875186,0.16367687302103925,498.88696357927813,0.06012861821800475,0.022215257195801693,0.028784541943392385,0.0496726687382141,0.16174696238583997,31744064,496000,0.0014898004218121064,0.0013633109985947954,0.0012462025018445263,0.001478593613012846,0.0019299106653379314
0.2218947401526913,0.061358022261411044,0.023478418461614515,0.030088192820625748,0.05106755884898173,0.1648675939870445,498.9525113226554,0.05974609987065201,0.022017882270875793,0.028663064831499354,0.04945828312405047,0.16283777135020733,31808064,497000,0.0016119223684072496,0.0014605361965340368,0.0014251279724054767,0.0016092757239408479,0.0020298226719982567
0.2250879792224846,0.062466903638094706,0.02331592192658851,0.030869282647513308,0.05097031119280686,0.1696359282919201,499.0226270702102,0.06087128182500602,0.02195044459155267,0.029508330724241867,0.04935436712744903,0.16749204257808284,31872064,498000,0.0015956217488273968,0.0013654773244098453,0.0013609519446166859,0.0016159440663621183,0.002143885693380313
0.22281382085424667,0.06151031985133881,0.023125855728095054,0.030498956370327596,0.051283319239148306,0.16496612182576187,499.0860095921787,0.059878238745033695,0.021691290751461062,0.029020048680492187,0.04963546429748891,0.1629099467956427,31936064,499000,0.0016320810425677333,0.0014345649653567947,0.0014789076814523503,0.0016478549498453192,0.00205617499990993
0.22093953941228175,0.061748148236423744,0.023340583036942017,0.030540033859994778,0.05075565969306083,0.16584768353150153,499.1584867086756,0.06021326309815047,0.021975300595348173,0.02916430287264564,0.04924325411426582,0.16387051600410252,32000064,500000,0.0015348852167371679,0.0013652824410188907,0.0013757309926161934,0.0015124055931129033,0.001977167393492063
0.22737223050557342,0.062007582327350964,0.02347392007690602,0.030531420371929976,0.05058100902447608,0.17025978879440748,499.2294355091461,0.06039239426143465,0.022067882348508493,0.029052092167196616,0.048972002964359176,0.1681772715251891,32064064,501000,0.001615188061201479,0.0014060377266561714,0.0014793282011486557,0.0016090060657992311,0.0020825174450477425
0.22950258283411562,0.06201664592884482,0.023731238876031183,0.03057835239678868,0.0506762749926433,0.16799276396085996,499.3039142762627,0.06038517568446692,0.02236092222831906,0.029174452672608167,0.04899774185189834,0.16581195174982866,32128064,502000,0.0016314702096860854,0.0013703166257503729,0.0014038997157338874,0.0016785331400685436,0.0021808122053998975
0.22909690974074273,0.062778429782018,0.02340953463362687,0.030968874727612374,0.05049302017027314,0.17186094500237387,499.37752045886725,0.061193032868206536,0.022033727053776354,0.029474857384615652,0.048941084695142655,0.16982066587172753,32192064,503000,0.0015853969368617984,0.0013758075884323575,0.0014940173435213132,0.0015519354904005662,0.0020402790390223304
0.22911146879087957,0.062458865460008374,0.023888142330362155,0.030529623605611293,0.05086001835354799,0.16878014319936707,499.44036232615764,0.06081127563491453,0.02238925416372451,0.029119464352272462,0.04922252049315439,0.16665989231186062,32256064,504000,0.0016475900107761853,0.0014988881806282392,0.0014101592579943215,0.0016374978842170179,0.002120251039100088
0.22709203334731484,0.06226189607381827,0.02359544846365971,0.03051516387320164,0.0505722768035317,0.1686032853724938,499.51880432315875,0.06062127885967495,0.02225435128744045,0.02900428964828527,0.048973881361593634,0.16632540889534903,32320064,505000,0.0016406170770060244,0.0013410971856067234,0.0015108742022292203,0.0015983954532859431,0.002277876335202069
0.22763546206556873,0.06191655164957057,0.023238057300403334,0.031042898715586045,0.050825551184404516,0.16672615751561212,499.58649126894954,0.06022310171648863,0.02181177114602299,0.02935769930248218,0.049151274536748515,0.16459985234750932,32384064,506000,0.0016934500078787077,0.0014262861570577309,0.0016851994165768681,0.0016742766342097016,0.002126305186830118
0.22720028583389779,0.0620126704312861,0.02303477807625015,0.030056870483642403,0.05010487848818465,0.17117981099382248,499.6489530870589,0.06048556008003637,0.021707715480911664,0.0287689653122065,0.048586098424424434,0.16909622760228246,32448064,507000,0.0015271103480481527,0.0013270625925488853,0.0012879051678980097,0.0015187800729672917,0.0020835834096998938
0.22688944463012792,0.06222023033723239,0.022990122672616204,0.031196073185520087,0.050053853619359046,0.16960083159702,499.71934512232997,0.060637946862727325,0.02167092045665884,0.02972723308280058,0.048490841076480544,0.1674853085292956,32512064,508000,0.001582283438008744,0.001319202213977033,0.001468840136099745,0.0015630125697163955,0.0021155230848398177
0.21671984325888777,0.06054519796371462,0.023195398132818047,0.03079687135797441,0.05074551831593734,0.1630050874652548,499.7792199074743,0.05893877191469075,0.021850544402141236,0.02944785882193538,0.04911536405305889,0.16077112352157485,32576064,509000,0.0016064260838320472,0.0013448537290713094,0.0013490125306810413,0.0016301542633975355,0.00223396389215895
0.22377093989116284,0.062311852056533036,0.02289762020435769,0.03069952822597068,0.050663494468288064,0.16889057659264528,499.8373519162241,0.06069844971224662,0.021547062980091198,0.0292070304518634,0.04909336721671135,0.1667065286605633,32640064,510000,0.0016134025639039512,0.0013505572227529824,0.0014924977628937247,0.0015701272418134269,0.0021840479541408216
0.2206888306321255,0.06175068978779011,0.02300385951942882,0.030669046694593152,0.05020707254885298,0.1681081041491848,499.90170214824127,0.06021020404435704,0.02166797538755864,0.029319900554149975,0.04865588850044805,0.16608671534713876,32704064,511000,0.001540485827135854,0.0013358841485606458,0.0013491461428051992,0.0015511840411783692,0.0020213888174052353
0.22324353164538002,0.062285211455076823,0.02329984833229373,0.03121050831255128,0.05010069617660719,0.16929088967740472,499.9665627534718,0.060670058952644344,0.021835290605117415,0.02963598323379482,0.04857795689153347,0.16727439488375506,32768064,512000,0.0016151525446912308,0.0014645577340243225,0.0015745250698625346,0.0015227392937716844,0.0020164946993402938
0.21936991193634106,0.06169327919185162,0.02313627111552992,0.029882384891874537,0.04983953862165342,0.16850360353251032,500.02541406743165,0.06019364347122601,0.021827318424460142,0.028627813357398123,0.04836820956905473,0.16643365185439327,32832064,513000,0.001499635819403921,0.0013089526906057418,0.0012545715455155833,0.0014713290274684513,0.002069951692993073
0.22211229256724,0.06116387682594353,0.023059373666034444,0.030749895104775514,0.05031619868722256,0.1656985942586819,500.08887622551214,0.05952138336002834,0.021619420161989467,0.02931617968424647,0.048653984911229756,0.16356994037741893,32896064,514000,0.0016424935465911364,0.0014399535010623723,0.0014337154172726337,0.0016622137892637514,0.0021286538495770583
0.22106174350468594,0.06134290122985851,0.023447919212351637,0.030087742518223708,0.05076210989543431,0.1655879197249048,500.1495033422045,0.059716691505163885,0.021970111451440195,0.028590488746969928,0.04917652544255738,0.16354816956137358,32960064,515000,0.0016262096321443074,0.001477807765014465,0.0014972537913022976,0.0015855844685896995,0.0020397502369401397
0.21838379404534672,0.061353319115936764,0.023433448903830017,0.0306922062225436,0.04997520393390177,0.1670544274573855,500.2132388720628,0.0598233355302363,0.022071565746850236,0.029324864127239985,0.04847861360999204,0.16505443752443275,33024064,516000,0.001529983350483235,0.001361883152168851,0.0013673420950445923,0.0014965902968481432,0.0019999899806690687
0.217949831974845,0.060498573698103346,0.023163471742283507,0.030726108080104925,0.050239420537992685,0.16199555374661354,500.279571495064,0.05896888063102962,0.021884605157117126,0.029267562154688734,0.04875110165934001,0.15995524293054053,33088064,517000,0.0015296929986216147,0.0012788665749435195,0.0014585459257191067,0.001488318892043235,0.002040310742009594
0.22420391115059204,0.06228918265178803,0.023066060962041057,0.030734903386457832,0.05039695116690799,0.16891242043771387,500.355194010998,0.060679131966084245,0.02163061854492181,0.0293644105717134,0.048820947922961315,0.16675802390756886,33152064,518000,0.0016100508741801612,0.0014354424198397661,0.001370492832408665,0.0015760032322083728,0.0021543965475251865
0.2263927605508698,0.06171533591672781,0.023457462421187396,0.029980387301572743,0.0510491078024874,0.16604136488116336,500.43442648669117,0.060103335108608,0.022047105958026184,0.02860330611509898,0.04944220477918435,0.16388833706906367,33216064,519000,0.001612000809051094,0.0014103564640380844,0.001377081182438664,0.0016069030327348435,0.0021530278359039607
0.22238902558051737,0.061643783934414456,0.022836628825333022,0.03098759911133718,0.051019849147478,0.1651380116389939,500.5106024466535,0.06010551875457173,0.021467971618424068,0.029455393683719945,0.04953369807380229,0.16326493078514845,33280064,520000,0.0015382651326362982,0.0013686572300700486,0.001532205425534975,0.001486151105037331,0.0018730808474588135
0.34899870612120215,0.07014549565687779,0.031009857949180132,0.037395225239670246,0.058459270568924915,0.17872606175218148,500.71157304703803,0.06587348666787138,0.026891964273062417,0.03395823688234655,0.054660539025826765,0.17267764393590196,33344064,521000,0.004272008842846846,0.0041178936999476615,0.003436988363494262,0.0037987315665824685,0.0060484178391227005
0.25914276158551397,0.06412601099535808,0.026303282403478144,0.03378659626825542,0.05347572671235874,0.16747450808855924,500.80333416973343,0.061827370494604086,0.02421595631084818,0.03145617688523947,0.051400740682292494,0.16455285341846018,33408064,522000,0.002298640472930853,0.002087326088229448,0.00233041937325451,0.0020749860141023486,0.002921654718480414
0.3071522233726294,0.06687605099007489,0.028899775181153872,0.036877790158441545,0.05638415794011342,0.17043976507932296,500.8823281992304,0.06353883764520292,0.025871088012976575,0.03311346704130293,0.05315596639760944,0.16690183548370774,33472064,523000,0.003337213325896307,0.003028687187132806,0.003764323110843128,0.0032281915625066012,0.0035379296154204056
0.2576380812607741,0.06560044733062399,0.027122813543920828,0.03449474373028032,0.05495390569133424,0.17139465191462586,500.97042103391533,0.0633834395483135,0.024995479349662873,0.03243563210125644,0.05273002652011742,0.168891533329688,33536064,524000,0.00221700789435999,0.002127334171768447,0.002059111639740156,0.0022238791611387866,0.0025031185239471412
0.22949947208741234,0.06241089738905426,0.024380085345211945,0.032899920743575166,0.051848943215671954,0.16487480090245063,500.97939485714886,0.06059189442917706,0.022780581793836248,0.0308191383931456,0.05018609178714166,0.16275072847275077,33600064,525000,0.0018190029519028017,0.0015995035562209037,0.0020807823581550583,0.0016628514286485953,0.0021240724357808813
0.22640479144782866,0.06207323304750027,0.024370104104676407,0.031856565068044296,0.05190930769074413,0.1642831773632765,501.0105228667842,0.06032863248512139,0.02283623052392139,0.030290676015584127,0.050149376422815695,0.16206583726807935,33664064,526000,0.0017446007001563,0.0015338735870643356,0.001565889052757045,0.0017599312707955977,0.0022173400562042842
0.22361545894639395,0.061288414243608785,0.02378263334430498,0.031628119245549036,0.050445386672905636,0.16482548782814713,501.0512028149389,0.059723768506199065,0.02243671592164964,0.03004911536798117,0.04895759426533218,0.16282595035586164,33728064,527000,0.0015646457217517304,0.001345917412971645,0.001579003859371932,0.0014877924262555362,0.0019995375058273804
0.22878020971214785,0.062061985492706306,0.02426765655376881,0.03128777634039427,0.05093910920239015,0.1677688617438632,501.09781420144486,0.06039652019739147,0.022832152957425605,0.029911137563260325,0.049227231074017434,0.1655267352561861,33792064,528000,0.001665465314174067,0.001435503590358219,0.0013766387859420312,0.0017118781287249027,0.0022421263605789756
0.22694874940702442,0.06294360403902828,0.024062451376547875,0.03149129556136685,0.05097007094335339,0.16859292581879737,501.17720166161394,0.06128707356005901,0.02259076623981654,0.02998046616844704,0.04937150234313795,0.1664363326333042,33856064,529000,0.0016565304752439287,0.0014716851220580222,0.0015108294045180057,0.0015985686008273018,0.0021565932016786027
0.22413552673434228,0.06177736260369417,0.023870517867089186,0.031054722075543554,0.05060573281884491,0.16478264186755845,501.2245063575303,0.060193212166428485,0.022422695403905298,0.0296165926075534,0.04910625029124415,0.1627271644699337,33920064,530000,0.0015841503595002012,0.001447822460700106,0.0014381294704200786,0.001499482535063524,0.002055477484977646
0.2197782856093162,0.061510612238198606,0.023532596014450007,0.0299385448604737,0.05067895417146169,0.1670263904114325,501.2755206782832,0.06001112319156525,0.022255650165571964,0.0286242190077299,0.04918109623886776,0.16500206691881836,33984064,531000,0.001499488998262678,0.0012769458442444188,0.0013143258567109007,0.0014978579092314137,0.0020243235277878397
0.22091352127407374,0.06135434529185295,0.02306336241773893,0.030449935020351582,0.050825064168348595,0.16403741370528274,501.3375138054122,0.059800869099795956,0.021780790249387075,0.02902921613148299,0.04927212065687691,0.1619524689236832,34048064,532000,0.00155347596417414,0.0012825721685651354,0.0014207188923191579,0.001552943531996824,0.002084944770328861
0.22669917321167926,0.06203735249117018,0.023613237191161124,0.030878033199687054,0.05029897947768518,0.1670798462501643,501.3993398243886,0.06043350686319178,0.022206754788506866,0.029524989404039893,0.04864702415248615,0.16500873245189224,34112064,533000,0.0016038456762908068,0.0014064824076352408,0.0013530437921221818,0.0016519553254560305,0.002071113801961909
0.22573594806306774,0.06156514702923598,0.023648743478349787,0.030482969590321294,0.05084903111755627,0.16539649184356145,501.46173529512873,0.059967630002647605,0.02217583930147937,0.029076215863201395,0.04930640804402393,0.16334013722562596,34176064,534000,0.0015975169202429261,0.0014729041751525875,0.0014067537101406357,0.0015426230626509605,0.002056354660695638
0.22631810552314519,0.062188405759632595,0.02292615417046465,0.030235768140312373,0.05164084184055037,0.16792976946197485,501.5305024857033,0.060540138792246616,0.021560209750856704,0.028888199506787882,0.049837665759446266,0.16579357101520098,34240064,535000,0.0016482670305995276,0.001365944425247869,0.001347568645422389,0.001803176088890796,0.0021361984261238404
0.2271964716434217,0.0617353907860814,0.023348373503469542,0.030061415673303907,0.05005950751996197,0.16807574016662924,501.6008599410601,0.06009317639842631,0.021905975548010655,0.028675428631284403,0.048480839350788923,0.16578519702548436,34304064,536000,0.0016422144137322877,0.0014423979576024147,0.0013859870292775311,0.0015786681821845176,0.0022905431347604813
0.23130999879194403,0.06144370917975901,0.02396043990268222,0.031021225950202416,0.05071902052033272,0.16370808907826073,501.6727346515838,0.05967148448154322,0.022390221949694138,0.0295371541803178,0.049033456139151596,0.1612167987183415,34368064,537000,0.0017722247600904662,0.0015702179595441605,0.0014840717664663051,0.001685564366750471,0.0024912903966653054
0.23083868354813109,0.06226815704442566,0.02389649004612664,0.030833626985300636,0.05030161325881673,0.16914766259419725,501.74317828584583,0.0605205309521407,0.022394419685126784,0.0293214778681973,0.04862211121525336,0.16669435586623724,34432064,538000,0.0017476259283721437,0.0015020703538127895,0.0015121491043490678,0.001679502054419438,0.002453306707996468
0.2247688153931128,0.061680038005113666,0.02344985274081244,0.030482804853769415,0.049994826929764695,0.16794707144112547,501.8037174594614,0.060107140820473505,0.021964152978781463,0.029154838198000216,0.04853630313128462,0.16582454517375284,34496064,539000,0.0015728971436037677,0.0014856997665696292,0.0013279666496208084,0.0014585238081833776,0.0021225262860506333
0.21956799718680126,0.061711067603900986,0.02319442583327086,0.03007587372260261,0.05012545567228674,0.1677431840614872,501.86436656533834,0.060237931197509156,0.02188865813296002,0.02884550033868007,0.04864605248557048,0.16578859729567588,34560064,540000,0.0014731365536572395,0.001305767709379339,0.0012303733845410413,0.0014794031735597777,0.0019545867559990827
0.22547331952529434,0.060865145254880224,0.02346396152162827,0.030171560086254535,0.050687281933375676,0.16305431114037974,501.9317952162268,0.059190037440508526,0.02198334300774228,0.02872523852761865,0.048993010774436074,0.16088609438202126,34624064,541000,0.0016751078154193194,0.0014806185117393815,0.0014463215561522351,0.0016942711640507038,0.002168216809569535
0.22982277030095147,0.0624870951212942,0.023393559334031925,0.030375303938183693,0.05074465411996745,0.1707569242430117,502.00794788882706,0.06089563257060947,0.02202600419158306,0.029000631026548502,0.04922625518687049,0.16850351285638904,34688064,542000,0.0015914625744335368,0.0013675551355212226,0.0013746729066964438,0.0015183989455004874,0.0022534115829000788
0.22324284427132401,0.062137015506625114,0.023018859941983435,0.02993092482620903,0.0514000100799824,0.16659133646811156,502.07073621401685,0.06057782467454677,0.021699518055741003,0.02864506525842944,0.04973562798928774,0.16457013851599522,34752064,543000,0.0015591908478527327,0.0013193418876166097,0.0012858595622923289,0.00166438209022903,0.002021197947439316
0.2155693505376102,0.06099397804401813,0.022797876981522594,0.030382313919513366,0.05049948829292973,0.16516718234024585,502.13063412844355,0.0595190173927694,0.02156350063561267,0.02904480700533653,0.048978774464353426,0.16326087537732276,34816064,544000,0.001474960571737029,0.0012343763544492119,0.001337506921297773,0.001520713825018214,0.0019063070075269549
0.22535715508693605,0.06160436438769105,0.023409581259274552,0.030471624607109962,0.050323866964556485,0.1651251049242274,502.1931325454014,0.05999052390828727,0.022023164567856853,0.02892434403391046,0.04873275871623969,0.16307795881630305,34880064,545000,0.001613840393139981,0.001386416677455881,0.0015472805753452854,0.0015911082517066299,0.0020471460398332223
0.2285354945643571,0.06239951268583525,0.02325278381546824,0.030830383672692686,0.050163421823181786,0.1698364857083062,502.2637103654726,0.060869547475129425,0.021940611679013965,0.02939070205773372,0.04869763409910524,0.16779963373111773,34944064,546000,0.0015299653423135168,0.0013121721420611251,0.0014396816165168178,0.0014657877244519796,0.0020368520407318545
0.22014253621402982,0.06032884916663163,0.02297242890729585,0.030820366060507087,0.050367262560843166,0.16074904089328723,502.3278531653918,0.058766178468242315,0.021553615899086373,0.029466957129691218,0.048810824341782244,0.15875229953798056,35008064,547000,0.0015626709227217369,0.0014188130012503792,0.0013534089222058962,0.001556438226794757,0.001996741304972467
0.22160397042348853,0.0607504965700209,0.02315251016837122,0.030690635520879955,0.05059333625893881,0.1642401117628938,502.3918806793462,0.059130294911563464,0.021791611794751656,0.029262404930033934,0.04890284748625112,0.16213320860977493,35072064,548000,0.0016202018018229845,0.0013608983683375366,0.0014282305876553748,0.0016904887695056768,0.0021069031873385676
0.22145496259441927,0.06176557026803508,0.023368220474526226,0.029630372872617508,0.0512817158407863,0.1672632306105371,502.45462220439697,0.06015987281501288,0.021978994844204583,0.028286781609382028,0.049598671800310315,0.16518429492065595,35136064,549000,0.0016056974945240679,0.0013892256409223642,0.001343591271310512,0.0016830440639835733,0.0020789357591227396
0.22469182308650504,0.0616710771042854,0.023483370302122913,0.030447525407569908,0.050370410422249094,0.16735512985337428,502.52966182585715,0.06012188191153107,0.02211816928630501,0.029014546344324408,0.04894032009809696,0.16523378513233447,35200064,550000,0.0015491952096926996,0.0013652009992937704,0.0014329790654815516,0.001430090323882928,0.002121344731441972
0.23307074802198355,0.061577614562586064,0.023096270891766163,0.03087966938372419,0.05121457100180224,0.16311150494328203,502.6103882218264,0.05989983031526204,0.021615084400086526,0.029353106509825408,0.04953437602346501,0.16100140106233116,35264064,551000,0.001677784048602916,0.0014811864961467357,0.0015265628615842724,0.0016801949692999642,0.0021101038525815036
0.22906903489295705,0.06200214838609099,0.02314859533517882,0.030359129988880438,0.050481682339516415,0.16990907737105573,502.68569987258576,0.060459043832495896,0.021827777825768474,0.028955086176978874,0.048953376001281204,0.16786688493758026,35328064,552000,0.0015431046095327504,0.0013208175304929026,0.0014040438011698236,0.0015283063293302548,0.0020421923744848532
0.21951462827775417,0.06088827269151813,0.023049264593476736,0.030638782610207548,0.05027952795766243,0.1641283137660232,502.74657841599793,0.05939016659185288,0.021727045899602955,0.029199424602329993,0.04883440046361211,0.16222617909889298,35392064,553000,0.0014981060907593912,0.0013222186852915364,0.0014393579945251832,0.0014451275052222816,0.0019021347007070165
0.21499645478205756,0.059968899827450475,0.022600398734833424,0.030005434042920158,0.04936596140409236,0.1643973585269232,502.8005356216832,0.058500366918742726,0.021379594398273062,0.02869637999484009,0.04792033589958244,0.16234922380672623,35456064,554000,0.001468533009465317,0.001220804335825866,0.0013090540509490727,0.0014456254827436706,0.0020481348484266567
0.2219059085085936,0.0613873226642609,0.023595971707682028,0.02997823919686976,0.050742824094642196,0.1634393873900995,502.85948244073444,0.05977457541786134,0.022118325359961735,0.028560950475903187,0.04912627479980579,0.16144204651485453,35520064,555000,0.0016127472405787564,0.0014776463466541737,0.0014172887159440177,0.001616549266299337,0.0019973407605055806
0.2243798646003337,0.061116388173773885,0.022891395839440543,0.030125997669927074,0.0505341781523366,0.1652716840945746,502.9334900662081,0.05951943709328763,0.02151792095981608,0.028623177092150124,0.04898991350411003,0.16316691550720663,35584064,556000,0.0015969512113952085,0.0013734748713495216,0.0015028205832748943,0.0015442646528170175,0.0021047686206858217
0.22256415172216082,0.06130979622900488,0.023113369070646855,0.030407039036271576,0.05073604333434555,0.16537430658788013,503.0001018841912,0.05973989560827617,0.021715359527524146,0.0290452971124935,0.049210421234629716,0.163271707076133,35648064,557000,0.0015699007677030727,0.0013980095361622732,0.0013617419086749537,0.0015256220914566724,0.002102599579457852
0.23316420516440106,0.06119269192405049,0.023422498688139278,0.0306850885756432,0.05103402569781375,0.16334412639710383,503.07125711022866,0.05951158110797401,0.02196617460327683,0.029175675281148332,0.04936203374879869,0.16114230799454357,35712064,558000,0.001681110744306351,0.0014563240910469037,0.0015094132860537738,0.001671991942152717,0.002201818269882326
0.2843944950886393,0.064766928792,0.027868507112027353,0.033261492280450916,0.05356657457271701,0.16869009893878192,503.1800704948458,0.06193568016402423,0.024634884902456303,0.03106128714439088,0.05074134124674651,0.1658304583048842,35776064,559000,0.0028312486320501177,0.0032336222410145853,0.0022002051235929703,0.00282523333821427,0.0028596407533990603
0.2613706021872734,0.06388024605996921,0.026624517314873485,0.03299041819667128,0.054002125833941476,0.1658512757682443,503.30095158775805,0.06108660292811699,0.02399570388922051,0.030761130030765197,0.05090220454662797,0.16270992225069564,35840064,560000,0.002793643250362941,0.002628813410269147,0.0022292881586525415,0.003099921280887162,0.003141353548249996
0.2242102030159157,0.06156253827735778,0.02327970259025588,0.030943577200516145,0.05096747550900559,0.16495200111709996,503.3396005436338,0.05984392555058008,0.02183380048746737,0.02948201016450563,0.04941023368761391,0.16232979104042308,35904064,561000,0.001718612638302149,0.0014459021001106706,0.0014615670261848273,0.0015572418117413584,0.0026222100553767325
0.2450696554230765,0.06153584956377752,0.024940099384107243,0.03205764886761297,0.05207680592225228,0.1603599716738189,503.38992925135125,0.05941761843115094,0.02291720801026071,0.03017596056904421,0.04996438333394296,0.1578508427990198,35968064,562000,0.0021182311267475594,0.0020228913634518287,0.0018816883101203377,0.0021124226242238207,0.0025091289380797387
0.22754720913485535,0.061188564419746405,0.024300076203513116,0.031143782723516398,0.05167477973871867,0.16235071397079373,503.4532977473804,0.05928117552399629,0.022538547443264778,0.029613415828155146,0.04965550647208943,0.16001170685819624,36032064,563000,0.0019073889467399608,0.0017615287629660923,0.0015303669080657654,0.0020192732774223384,0.0023390071456962373
0.21434702383363366,0.06030987447500239,0.023017451340823395,0.03015660648226236,0.05036274403732682,0.1621004102198274,503.48625240714046,0.05881248944066465,0.021779431380712772,0.028818371483520466,0.048835774524969525,0.16009574635782042,36096064,564000,0.0014973849927773693,0.0012380199623900374,0.0013382349953101258,0.0015269695147221585,0.002004663985113153
0.2187949427685314,0.060880396805703604,0.02267796655746747,0.03068579868819483,0.04992421527595448,0.16537746434648629,503.5355733400121,0.05941429751738911,0.021493726323333778,0.029399389155432623,0.04844527089095157,0.1633240978595477,36160064,565000,0.001466099512472287,0.0011842402264262877,0.0012864095293340727,0.001478944381271436,0.002053366550382687
0.2230695126011483,0.06057945379614832,0.023186225171959493,0.030566311901794072,0.050846317608359726,0.1620986237978765,503.5937223674323,0.05894135212711995,0.021774296318398074,0.029131887601733707,0.049173588262033656,0.15996619851048233,36224064,566000,0.0016381016689701947,0.0014119288586752806,0.0014344242801791996,0.0016727293401308896,0.0021324253184999828
0.23703051722743065,0.06196090742200605,0.02414946161707496,0.031140119126698243,0.05123426897834369,0.16351322664930434,503.67556622005947,0.06020499841868875,0.022625789888860007,0.02965749249239984,0.04947324463362481,0.16115456362089423,36288064,567000,0.0017559090139111508,0.0015236717440645577,0.0014826266417659556,0.001761024339363413,0.002358663121110918
0.2242563010269072,0.061385522443801105,0.02345946246664379,0.030375334417754432,0.050507023934674614,0.16663083156644587,503.73406164399955,0.05966142508015036,0.021991577049691787,0.02890105109973467,0.04874861839256532,0.16431678012383524,36352064,568000,0.001724097183148843,0.0014678854213979649,0.0014742833153462281,0.0017584055847693952,0.0023140513757133243
0.21958490763935182,0.060161614516749985,0.02288093506107502,0.030094880212800226,0.05033937527790214,0.16250610861784592,503.79343804646487,0.058598903940990474,0.02147659669627222,0.028842118163122897,0.04869338529640617,0.16050888391582072,36416064,569000,0.0015627108336193484,0.0014043383527560425,0.001252762041958821,0.0016459899661546548,0.0019972247711869846
0.22020466788587417,0.06133891502395271,0.022872255947289758,0.030246760570438493,0.05022357801970401,0.1649982742727339,503.85899063139425,0.059899317832663716,0.02166182115499913,0.028940947884647468,0.0487970456403433,0.1630710006316188,36480064,570000,0.001439597215037793,0.0012104347978475895,0.00130581267991934,0.0014265323596688553,0.0019272736478533575
0.22609360973438603,0.061044152703136255,0.022987168615267492,0.02990228033629607,0.05045683198124538,0.1651639003859202,503.92719665785194,0.05943299195170404,0.021540406045265623,0.02847753524655485,0.04887909872426236,0.16306952117072077,36544064,571000,0.0016111605282640084,0.0014467625733508172,0.0014247451014238583,0.001577733236165355,0.002094379212025633
0.2229221753862582,0.060986584231257426,0.02343183734377091,0.03037044995603271,0.050087743345340704,0.1625848130095733,503.9936110279587,0.05939430647902186,0.022052060821630436,0.028933763988278717,0.048585804827201755,0.1603924124738994,36608064,572000,0.0015922778620733886,0.0013797765161585773,0.0014366859514255061,0.0015019385396407656,0.0021924004537527096
0.22781174305122995,0.0608649106286466,0.023606376629636293,0.030504903552704597,0.05056503829207855,0.16220780234037727,504.05966699689503,0.05925158728659156,0.022154284348961016,0.02916379580517906,0.048913075115521246,0.16014203501680466,36672064,573000,0.001613323553872758,0.0014520922754167542,0.00134110775500221,0.0016519631718646046,0.0020657673614687937
0.22491173980324078,0.061044018022715925,0.022939797761187073,0.030683955081927918,0.050602971423819525,0.1633091340378341,504.1269884234031,0.059375509414821906,0.0214725585616796,0.029182357425522353,0.04898436152300958,0.16110165874863666,36736064,574000,0.0016685085418866967,0.0014672392044557147,0.0015015976558751803,0.0016186099242425469,0.0022074752558049696
0.23956576573864322,0.061502033017575806,0.02345256448304962,0.030925265512043557,0.05055791111781153,0.16604655187962863,504.2077110260637,0.059615935254842115,0.021762307282202045,0.029228060608313372,0.048845346743579654,0.1634162725628505,36800064,575000,0.0018860978549928365,0.0016902572087689595,0.0016972049129130773,0.0017125643690648071,0.0026302792341439513
0.2718947518299414,0.06438188030198233,0.025842056685648377,0.032128408471912166,0.05325328760203805,0.17099774750768187,504.3295317718187,0.061723594974726445,0.023505067798853366,0.030163680838011433,0.05073205927196612,0.16696373243804052,36864064,576000,0.0026582852734718535,0.002336988903537766,0.0019647276285106327,0.002521228350663827,0.004034015166427839
0.21869237817837472,0.06042481848597517,0.022722476175914417,0.030318692015083692,0.050260140114934036,0.1628806421699,504.3779446310364,0.05889250601641834,0.021468679623658244,0.0289705594744058,0.048650880622759046,0.16085765296132326,36928064,577000,0.0015323124292190194,0.001253796553436271,0.001348132536726774,0.0016092595123377669,0.0020229892395194063
0.2517162828232629,0.06254788845777513,0.025066089442098694,0.03230969664377997,0.05040550745653406,0.16627731129489032,504.4521371198026,0.06052852859720588,0.023256775968445966,0.03056833117016505,0.04862866511578542,0.16330729630301952,36992064,578000,0.002019359980069565,0.001809313477174822,0.0017413654845444147,0.00177684231585116,0.0029700149945582214
0.30664248909999614,0.0659768844936042,0.02743780137451309,0.03490677012746278,0.05533467941793827,0.17277930511543416,504.59649431934605,0.06301824546977852,0.025101576238961417,0.0321242322146825,0.05267135198118211,0.1682361549395179,37056064,579000,0.002958639137970744,0.0023362251451772374,0.0027825378838999327,0.002663327437381797,0.004543150306392107
0.30966056186410584,0.06740952213108539,0.027303024992057594,0.03505644873400494,0.05505595704063353,0.17919987811527122,504.7317805130484,0.06441863216459734,0.024953010917643334,0.03259658915614586,0.05242885293679156,0.17415808475061256,37120064,580000,0.0029908899817965005,0.0023500140832917404,0.002459859606735738,0.0026271040903764194,0.005041793290797578
0.24608645223821282,0.0627724672853948,0.024323764461115484,0.032014869374588854,0.05316997847690792,0.16589103654273937,504.76272384750627,0.06081417054310441,0.022808504093949657,0.03029156769060574,0.05118780073287861,0.16306682082940524,37184064,581000,0.0019582967807655165,0.0015152603727556317,0.0017233016911536699,0.0019821777119336404,0.002824215665581013
0.4404959367620692,0.07322025605104869,0.0314857069989239,0.03807226876548133,0.05970731640589133,0.19029095118592584,504.9582932606815,0.06928980078548201,0.02853977123604729,0.03506214791526462,0.05641237985962845,0.183035309262837,37248064,582000,0.003930455092457122,0.0029459357516438216,0.003010120842162017,0.003294936580838783,0.007255641787013313
0.30144327861702636,0.0662263516224918,0.027724771788023825,0.03547679676230616,0.055265239884984045,0.17019636270291089,505.01276994356704,0.06352145115286104,0.025360323876401476,0.0329707878565299,0.05278660414524231,0.166450032212449,37312064,583000,0.0027049003302818163,0.002364447911571568,0.0025060088938565045,0.00247863572536674,0.003746330605998804
0.2996127386358907,0.06507065943256014,0.027295131311360327,0.03347111468370122,0.05460832114022846,0.16777846659484066,505.05052852359665,0.06236095149442551,0.024971379706966314,0.03140946207958113,0.05220112658175259,0.16340363884231324,37376064,584000,0.002709707997506483,0.002323751623819905,0.0020616525899245755,0.002407194530459003,0.0043748277939898335
0.2609642835145517,0.06387973781675108,0.02575694592225887,0.03260121652675967,0.05395126077793757,0.16738716807181647,505.1017733152202,0.06195568685047338,0.024154805341612063,0.031124452564411716,0.051838344275853446,0.1648194860375709,37440064,585000,0.0019240509282681191,0.0016021405682357852,0.0014767639552374784,0.002112916503268085,0.0025676820914360323
0.25134949076395985,0.06253849775344135,0.02532966859629967,0.03204230688530235,0.05231915433697367,0.16571029779472865,505.1091840373853,0.0606217177845538,0.02360958203481486,0.03039250938286149,0.050482563385708966,0.16310148098063465,37504064,586000,0.0019167801046278358,0.00172008654745327,0.0016497975046756094,0.0018365909398731556,0.002608816948616827
1.3069258093176301,0.1392141613550487,0.1008722878934903,0.1065005975227628,0.12235348302181273,0.252391900824999,505.5107458635796,0.12283736792579276,0.08355017507193116,0.08993393774435776,0.1074850421028362,0.2353918781096116,37568064,587000,0.016376793305040355,0.01732211282038531,0.01656665974417106,0.014868440843543876,0.017000022702452725
0.2885247541261666,0.07478500856086642,0.03528239466080853,0.042571131599093114,0.06337288174994901,0.18472935836181276,505.60287646258587,0.07211567348241803,0.03289593703245317,0.040200282101882256,0.060988042828136926,0.18089874171193734,37632064,588000,0.00266933493828401,0.0023864576125147683,0.0023708495347022603,0.0023848389282302668,0.003830616548288948
0.4299753293126673,0.07469024430587888,0.03676463990492423,0.044523492651274,0.0640555954848518,0.17832643705184367,505.60120758348245,0.07100528999790552,0.03300278965133038,0.040799087829576836,0.06077174893986056,0.17419481064248202,37696064,589000,0.0036849543663556657,0.003761850242889179,0.0037244048543898715,0.003283846590352583,0.004131626342893043
0.27270521880944676,0.06981990966945877,0.03276559157981188,0.03895326191116043,0.06001362279878457,0.17131580068052937,505.6511074844994,0.06701365929469454,0.03010068599507022,0.036597002639675455,0.05709917564819836,0.1680094142227385,37760064,590000,0.0028062501826789208,0.00266490557809741,0.0023562592867428195,0.002914447138689087,0.003306386427278422
0.26208180520972146,0.06562089202553034,0.028749841047314734,0.035274214683471944,0.05541856507278468,0.1655264435602168,505.63290049897165,0.06345284958183757,0.026879089568258196,0.03325563268243466,0.05334507706897592,0.1626296881822855,37824064,591000,0.0021680422707577207,0.0018707514963623307,0.0020185820149442786,0.0020734880309060473,0.0028967553848655925
0.2946654384046423,0.06586912953481072,0.027844043534043905,0.033860145507255815,0.054606329503706336,0.17136277074011153,505.64368089658825,0.06340999868884704,0.025807760951662373,0.0320084495476236,0.05225559837539077,0.16750644894775532,37888064,592000,0.002459131007199173,0.002036282591239496,0.0018516959573900483,0.002350731105967703,0.00385632188256893
0.2619727506422081,0.0660825393274426,0.02866625975901707,0.03460215092809922,0.05600826608332698,0.1682106569839519,505.68952768293593,0.06375824461877344,0.02657913005473953,0.03269534579942299,0.053710715147218736,0.16508016938340003,37952064,593000,0.002324294971476771,0.0020871297161060465,0.0019068051515310634,0.0022975509391880535,0.00313048767225785
0.2583389773331247,0.06384865317866202,0.027230508201597576,0.034488120340292236,0.05450131023928857,0.1633699190989349,505.6833644054009,0.06146835750341412,0.024895255529147384,0.03220493588962605,0.052182282745159306,0.160729737899747,38016064,594000,0.002380295492126602,0.0023352526833343794,0.0022831844467910488,0.002319027509393538,0.0026401811562246206
0.22591752698568293,0.06207443605177106,0.025380160053676982,0.03169830575385451,0.05186784480375207,0.16295084417081507,505.68403963882855,0.060449896380305256,0.023926686566838478,0.030275388024121476,0.050350589610745594,0.16070548605072332,38080064,595000,0.0016245398086612113,0.0014534734878395821,0.001422917714825198,0.001517255176579857,0.0022453581547662044
0.24133317279183406,0.06343651551380727,0.025887201194905583,0.03203475417618112,0.052013262038296655,0.1666709281844089,505.7080840913662,0.06159688526391982,0.024039050169082234,0.030536897615806243,0.05028028925874705,0.1643522697003108,38144064,596000,0.001839630400354509,0.0018481510194649907,0.0014978565770021799,0.0017329727828350435,0.0023186584915057887
0.2293209137294547,0.06253079298883674,0.02482308708174069,0.031986563939839806,0.051918366074970614,0.16555361788587,505.73077787423284,0.06089929106645304,0.02331801803141908,0.03061035314059589,0.050318024615023535,0.16343027638812338,38208064,597000,0.0016315020039328358,0.0015050690615278817,0.0013762107789402822,0.0016003414650924107,0.0021233415564563757
0.22676803987352448,0.06118987622857094,0.02441688842289589,0.03142744136697141,0.051448213820696684,0.16101643947736713,505.75618476320284,0.05945351987890898,0.0229199666283109,0.02981235400816708,0.0497458699287894,0.15874657455732283,38272064,598000,0.0017363563924445745,0.0014969217847881134,0.0016150873692406564,0.0017023438823037457,0.0022698648922552223
0.23345591070787508,0.0625433248840275,0.024645696668275846,0.03185647447392288,0.05212860184306823,0.16764689745295736,505.80001458740645,0.0607830982152373,0.02308590927528892,0.03029858615015567,0.050361358115125966,0.16538251048832903,38336064,599000,0.001760226818674707,0.0015597873911683438,0.001557888327903369,0.0017672437214550955,0.002264387081955773
0.23439536358722354,0.06228314461931586,0.02436703896853003,0.03236543543022555,0.051088375364490186,0.165390158281517,505.8507538769329,0.06065848441049461,0.022942099284442467,0.030790648358272138,0.04955976408817536,0.16327346344525462,38400064,600000,0.0016246601098682761,0.001424939685651235,0.0015747870681236081,0.0015286112870642775,0.0021166948822031856
